{
	"credit": "Made with Blockbench",
	"textures": {
		"0": "item/ace_of_hearts",
		"particle": "item/ace_of_hearts"
	},
	"elements": [
		{
			"from": [0, 0, 8],
			"to": [16, 16, 8],
			"faces": {
				"north": {"uv": [0, 0, 16, 16], "texture": "#0"},
				"east": {"uv": [0, 0, 0, 16], "texture": "#0"},
				"south": {"uv": [0, 0, 16, 16], "texture": "#0"},
				"west": {"uv": [0, 0, 0, 16], "texture": "#0"},
				"up": {"uv": [0, 0, 0, 16], "rotation": 90, "texture": "#0"},
				"down": {"uv": [0, 0, 0, 16], "rotation": 270, "texture": "#0"}
			}
		}
	],
	"gui_light": "front",
	"display": {
		"thirdperson_righthand": {
			"scale": [0.4, 0.6, 0.4]
		},
		"thirdperson_lefthand": {
			"scale": [0.4, 0.6, 0.4]
		},
		"firstperson_righthand": {
			"translation": [0, 3, 0],
			"scale": [0.4, 0.6, 0.4]
		},
		"firstperson_lefthand": {
			"translation": [0, 3, 0],
			"scale": [0.4, 0.6, 0.4]
		},
		"ground": {
			"scale": [0.4, 0.6, 0.4]
		},
		"gui": {
			"scale": [0.81, 1, 1]
		},
		"head": {
			"rotation": [-90, 0, 0],
			"translation": [0, 5, 0],
			"scale": [0.4, 0.6, 0.4]
		}
	}
}