{
  "parent": "minecraft:item/handheld_rod",
  "textures": {
    "layer0": "minecraft:item/carrot_on_a_stick"
  },
  "overrides": [
    {
      "predicate": {
        "custom_model_data": 1000
      },
      "model": "item/ace_of_hearts"
    },
    {
      "predicate": {
        "custom_model_data": 1001
      },
      "model": "item/bucket_hearts"
    },
    {
      "predicate": {
        "custom_model_data": 1002
      },
      "model": "item/heart_ache"
    },
    {
      "predicate": {
        "custom_model_data": 1003
      },
      "model": "item/maximum_heart_container"
    },
    {
      "predicate": {
        "custom_model_data": 1004
      },
      "model": "item/medium_heart_container"
    },
    {
      "predicate": {
        "custom_model_data": 1005
      },
      "model": "item/small_heart_container"
    },
    {
      "predicate": {
        "custom_model_data": 1006
      },
      "model": "item/wand_of_atonement"
    },
    {
      "predicate": {
        "custom_model_data": 1007
      },
      "model": "item/rich_heart_on_sleeve"
    }
  ]
}