{
  "parent": "minecraft:item/generated",
  "textures": {
    "layer0": "minecraft:item/item_frame"
  },
  "overrides": [
    {
      "predicate": {
        "custom_model_data": 1000
      },
      "model": "item/large_black_heart_block"
    },
    {
      "predicate": {
        "custom_model_data": 1001
      },
      "model": "item/small_black_heart_block"
    },
    {
      "predicate": {
        "custom_model_data": 1002
      },
      "model": "item/large_pink_heart_block"
    },
    {
      "predicate": {
        "custom_model_data": 1003
      },
      "model": "item/small_pink_heart_block"
    }
  ]
}