{
	"credit": "Made with Blockbench",
	"textures": {
		"0": "item/large_pink_heart_block",
		"1": "item/small_pink_heart_block",
		"particle": "item/large_pink_heart_block"
	},
	"elements": [
		{
			"from": [0, 0, 7],
			"to": [16, 4, 16],
			"faces": {
				"north": {"uv": [0, 0, 16, 4], "texture": "#0"},
				"east": {"uv": [0, 0, 9, 4], "texture": "#0"},
				"south": {"uv": [0, 0, 16, 4], "texture": "#0"},
				"west": {"uv": [0, 0, 9, 4], "texture": "#0"},
				"up": {"uv": [0, 0, 9, 16], "rotation": 90, "texture": "#0"},
				"down": {"uv": [0, 0, 7, 16], "rotation": 270, "texture": "#0"}
			}
		},
		{
			"from": [7, 0, 0],
			"to": [16, 4, 7],
			"faces": {
				"north": {"uv": [0, 0, 9, 4], "texture": "#0"},
				"east": {"uv": [0, 0, 7, 4], "texture": "#0"},
				"south": {"uv": [0, 0, 9, 4], "texture": "#0"},
				"west": {"uv": [0, 0, 7, 4], "texture": "#0"},
				"up": {"uv": [0, 0, 7, 9], "rotation": 90, "texture": "#0"},
				"down": {"uv": [9, 7, 16, 16], "rotation": 270, "texture": "#0"}
			}
		},
		{
			"from": [7, 4, 7],
			"to": [11, 8, 11],
			"faces": {
				"north": {"uv": [0, 0, 4, 4], "texture": "#0"},
				"east": {"uv": [0, 0, 4, 4], "texture": "#0"},
				"south": {"uv": [0, 0, 4, 4], "texture": "#0"},
				"west": {"uv": [0, 0, 4, 4], "texture": "#0"},
				"up": {"uv": [0, 0, 4, 4], "texture": "#0"},
				"down": {"uv": [0, 0, 4, 4], "texture": "#0"}
			}
		},
		{
			"from": [6, 8, 6],
			"to": [12, 19, 12],
			"faces": {
				"north": {"uv": [0, 0, 6, 11], "texture": "#1"},
				"east": {"uv": [0, 0, 6, 11], "texture": "#1"},
				"south": {"uv": [0, 0, 6, 11], "texture": "#1"},
				"west": {"uv": [0, 0, 6, 11], "texture": "#1"},
				"up": {"uv": [0, 0, 6, 6], "texture": "#1"},
				"down": {"uv": [0, 0, 6, 6], "texture": "#1"}
			}
		},
		{
			"from": [5, 19, 5],
			"to": [13, 21, 13],
			"faces": {
				"north": {"uv": [0, 0, 8, 2], "texture": "#1"},
				"east": {"uv": [0, 0, 8, 2], "texture": "#1"},
				"south": {"uv": [0, 0, 8, 2], "texture": "#1"},
				"west": {"uv": [0, 0, 8, 2], "texture": "#1"},
				"up": {"uv": [0, 0, 8, 8], "texture": "#1"},
				"down": {"uv": [0, 0, 8, 8], "texture": "#1"}
			}
		}
	],
	"display": {
		"thirdperson_righthand": {
			"rotation": [90, -45, 0],
			"translation": [0.25, -0.5, 0],
			"scale": [0.975, 0.975, 0.975]
		},
		"thirdperson_lefthand": {
			"rotation": [90, 45, 0],
			"scale": [0.9, 0.9, 0.9]
		},
		"firstperson_righthand": {
			"rotation": [90, -45, 0],
			"translation": [0, 0.5, -1.75],
			"scale": [0.75, 0.5, 0.75]
		},
		"firstperson_lefthand": {
			"rotation": [90, 45, 0],
			"translation": [0, 0.5, -1.75],
			"scale": [0.75, 0.5, 0.75]
		},
		"ground": {
			"rotation": [90, -45, 0],
			"translation": [0, 4.5, 0]
		},
		"gui": {
			"rotation": [12, 33, -116],
			"scale": [0.75, 0.75, 0.75]
		},
		"fixed": {
			"rotation": [92.28, 5.54, 67.64],
			"translation": [0, 0, -6]
		}
	}
}