{"stats":{"minecraft:killed":{"minecraft:iron_golem":1},"minecraft:used":{"minecraft:farmland":2,"minecraft:oak_log":2,"minecraft:wheat_seeds":2,"minecraft:oak_door":5,"minecraft:netherite_sword":3,"minecraft:grass_block":6},"minecraft:custom":{"minecraft:open_chest":1,"minecraft:time_since_rest":10013,"minecraft:crouch_one_cm":203,"minecraft:walk_one_cm":12044,"minecraft:sprint_one_cm":28279,"minecraft:play_time":11204,"minecraft:deaths":1,"minecraft:sneak_time":274,"minecraft:mob_kills":1,"minecraft:jump":34,"minecraft:damage_dealt":230,"minecraft:leave_game":2,"minecraft:time_since_death":9990,"minecraft:total_world_time":11680,"minecraft:talked_to_villager":1,"minecraft:fly_one_cm":94866},"minecraft:picked_up":{"minecraft:iron_ingot":4,"minecraft:stone_button":5,"minecraft:poppy":1,"minecraft:mangrove_sign":3}},"DataVersion":3700}