{"stats":{"minecraft:dropped":{"minecraft:dark_oak_sign":1,"minecraft:ender_eye":1},"minecraft:picked_up":{"minecraft:potato":10,"minecraft:oak_log":1,"minecraft:twisting_vines":2,"minecraft:wheat_seeds":8,"minecraft:iron_ingot":15,"minecraft:dark_oak_sign":1,"minecraft:ender_eye":4,"minecraft:poppy":2,"minecraft:acacia_sapling":1,"minecraft:stick":12,"minecraft:gravel":1,"minecraft:sand":1,"minecraft:dark_oak_log":8,"minecraft:stone_pressure_plate":14,"minecraft:arrow":2,"minecraft:crossbow":1,"minecraft:warped_roots":7,"minecraft:snowball":42,"minecraft:white_wool":35},"minecraft:killed_by":{"minecraft:warden":1},"minecraft:custom":{"minecraft:mob_kills":3,"minecraft:leave_game":33,"minecraft:time_since_death":2876,"minecraft:climb_one_cm":10433,"minecraft:time_since_rest":2900,"minecraft:sprint_one_cm":403829,"minecraft:damage_taken":900,"minecraft:walk_one_cm":209173,"minecraft:trigger_trapped_chest":1,"minecraft:drop":2,"minecraft:damage_dealt":3009,"minecraft:swim_one_cm":13824,"minecraft:fly_one_cm":5725783,"minecraft:open_chest":15,"minecraft:crouch_one_cm":21597,"minecraft:play_time":426574,"minecraft:deaths":11,"minecraft:sneak_time":19086,"minecraft:walk_under_water_one_cm":63428,"minecraft:jump":1339,"minecraft:walk_on_water_one_cm":34085,"minecraft:total_world_time":517546,"minecraft:fall_one_cm":8217},"minecraft:used":{"minecraft:short_grass":2,"minecraft:netherite_sword":34,"minecraft:water_bucket":1,"minecraft:warped_stem":7,"minecraft:diorite":1,"minecraft:blue_terracotta":13,"minecraft:iron_bars":6,"minecraft:red_sand":2,"minecraft:iron_ore":63,"minecraft:dirt_path":10,"minecraft:cobblestone_stairs":8,"minecraft:sandstone_stairs":122,"minecraft:flint_and_steel":3,"minecraft:stripped_birch_log":18,"minecraft:dark_oak_sign":1,"minecraft:ladder":7,"minecraft:cactus":3,"minecraft:smooth_sandstone_slab":1,"minecraft:iron_golem_spawn_egg":70,"minecraft:chest":2,"minecraft:white_terracotta":1,"minecraft:sandstone":482,"minecraft:stone":306,"minecraft:white_dye":4,"minecraft:mangrove_fence":51,"minecraft:glow_ink_sac":4,"minecraft:warped_roots":9,"minecraft:netherrack":3,"minecraft:sculk_sensor":4,"minecraft:white_wool":155,"minecraft:pink_concrete":90,"minecraft:pink_candle":34,"minecraft:warped_wart_block":37,"minecraft:dirt":42,"minecraft:sand":128,"minecraft:terracotta":1,"minecraft:cut_sandstone_slab":1,"minecraft:light_blue_wool":47,"minecraft:birch_sign":2,"minecraft:twisting_vines":18,"minecraft:light_gray_terracotta":2,"minecraft:acacia_leaves":7,"minecraft:spruce_fence":2,"minecraft:mangrove_sign":1,"minecraft:granite":5,"minecraft:allay_spawn_egg":4,"minecraft:snowball":6,"minecraft:obsidian":28,"minecraft:creeper_spawn_egg":2,"minecraft:birch_fence":78,"minecraft:shroomlight":39,"minecraft:oak_log":12,"minecraft:dark_oak_planks":12,"minecraft:ender_eye":34,"minecraft:light":161,"minecraft:lava_bucket":40,"minecraft:coal_ore":1,"minecraft:chiseled_sandstone":2,"minecraft:command_block":23,"minecraft:birch_slab":10,"minecraft:nether_sprouts":18,"minecraft:grass_block":179,"minecraft:oak_stairs":52,"minecraft:map":2,"minecraft:stone_button":1,"minecraft:barrier":4,"minecraft:smooth_sandstone":31,"minecraft:spawner":2,"minecraft:warped_nylium":3,"minecraft:red_terracotta":1,"minecraft:gravel":25,"minecraft:pink_wool":2,"minecraft:pink_stained_glass_pane":83,"minecraft:basalt":17,"minecraft:birch_trapdoor":2,"minecraft:cobblestone":30,"minecraft:warped_fungus":2,"minecraft:tall_grass":2,"minecraft:oak_sapling":8,"minecraft:sandstone_slab":84,"minecraft:trapped_chest":1,"minecraft:end_portal_frame":29,"minecraft:stone_pressure_plate":49,"minecraft:pink_concrete_powder":42,"minecraft:cherry_fence":1,"minecraft:orange_terracotta":18,"minecraft:bone_meal":35,"minecraft:birch_stairs":43},"minecraft:mined":{"minecraft:oak_log":1},"minecraft:killed":{"minecraft:iron_golem":3}},"DataVersion":3700}