{
  "minecraft:recipes/decorations/crafting_table": {
    "criteria": {
      "unlock_right_away": "2024-02-03 11:02:02 +0530"
    },
    "done": true
  },
  "minecraft:adventure/adventuring_time": {
    "criteria": {
      "minecraft:jungle": "2024-02-03 11:58:04 +0530",
      "minecraft:grove": "2024-02-03 11:59:53 +0530",
      "minecraft:meadow": "2024-02-03 11:59:48 +0530",
      "minecraft:plains": "2024-02-03 11:02:04 +0530"
    },
    "done": false
  },
  "minecraft:story/follow_ender_eye": {
    "criteria": {
      "in_stronghold": "2024-02-03 11:59:48 +0530"
    },
    "done": true
  },
  "DataVersion": 3700
}