{
    "condition": "minecraft:entity_properties",
    "entity": "this",
    "predicate": {
      "equipment": {
        "mainhand": {
          "items": [
            "minecraft:wooden_pickaxe",
            "minecraft:stone_pickaxe",
            "minecraft:iron_pickaxe",
            "minecraft:golden_pickaxe",
            "minecraft:diamond_pickaxe",
            "minecraft:netherite_pickaxe",
            "minecraft:wooden_axe",
            "minecraft:stone_axe",
            "minecraft:iron_axe",
            "minecraft:golden_axe",
            "minecraft:diamond_axe",
            "minecraft:netherite_axe",
            "minecraft:wooden_shovel",
            "minecraft:stone_shovel",
            "minecraft:iron_shovel",
            "minecraft:golden_shovel",
            "minecraft:diamond_shovel",
            "minecraft:netherite_shovel"
          ]
        }
      }
    }
  }
  