{
    "replace": false,
    "values": [
        { "required": false, "id": "minecraft:air" },
        { "required": false, "id": "minecraft:stone" },
        { "required": false, "id": "minecraft:granite" },
        { "required": false, "id": "minecraft:polished_granite" },
        { "required": false, "id": "minecraft:diorite" },
        { "required": false, "id": "minecraft:polished_diorite" },
        { "required": false, "id": "minecraft:andesite" },
        { "required": false, "id": "minecraft:polished_andesite" },
        { "required": false, "id": "minecraft:deepslate" },
        { "required": false, "id": "minecraft:cobbled_deepslate" },
        { "required": false, "id": "minecraft:polished_deepslate" },
        { "required": false, "id": "minecraft:calcite" },
        { "required": false, "id": "minecraft:tuff" },
        { "required": false, "id": "minecraft:dripstone_block" },
        { "required": false, "id": "minecraft:grass_block" },
        { "required": false, "id": "minecraft:dirt" },
        { "required": false, "id": "minecraft:coarse_dirt" },
        { "required": false, "id": "minecraft:podzol" },
        { "required": false, "id": "minecraft:rooted_dirt" },
        { "required": false, "id": "minecraft:mud" },
        { "required": false, "id": "minecraft:crimson_nylium" },
        { "required": false, "id": "minecraft:warped_nylium" },
        { "required": false, "id": "minecraft:cobblestone" },
        { "required": false, "id": "minecraft:oak_planks" },
        { "required": false, "id": "minecraft:spruce_planks" },
        { "required": false, "id": "minecraft:birch_planks" },
        { "required": false, "id": "minecraft:jungle_planks" },
        { "required": false, "id": "minecraft:acacia_planks" },
        { "required": false, "id": "minecraft:dark_oak_planks" },
        { "required": false, "id": "minecraft:mangrove_planks" },
        { "required": false, "id": "minecraft:crimson_planks" },
        { "required": false, "id": "minecraft:warped_planks" },
        { "required": false, "id": "minecraft:oak_sapling" },
        { "required": false, "id": "minecraft:spruce_sapling" },
        { "required": false, "id": "minecraft:birch_sapling" },
        { "required": false, "id": "minecraft:jungle_sapling" },
        { "required": false, "id": "minecraft:acacia_sapling" },
        { "required": false, "id": "minecraft:dark_oak_sapling" },
        { "required": false, "id": "minecraft:mangrove_propagule" },
        { "required": false, "id": "minecraft:bedrock" },
        { "required": false, "id": "minecraft:sand" },
        { "required": false, "id": "minecraft:red_sand" },
        { "required": false, "id": "minecraft:gravel" },
        { "required": false, "id": "minecraft:coal_ore" },
        { "required": false, "id": "minecraft:deepslate_coal_ore" },
        { "required": false, "id": "minecraft:iron_ore" },
        { "required": false, "id": "minecraft:deepslate_iron_ore" },
        { "required": false, "id": "minecraft:copper_ore" },
        { "required": false, "id": "minecraft:deepslate_copper_ore" },
        { "required": false, "id": "minecraft:gold_ore" },
        { "required": false, "id": "minecraft:deepslate_gold_ore" },
        { "required": false, "id": "minecraft:redstone_ore" },
        { "required": false, "id": "minecraft:deepslate_redstone_ore" },
        { "required": false, "id": "minecraft:emerald_ore" },
        { "required": false, "id": "minecraft:deepslate_emerald_ore" },
        { "required": false, "id": "minecraft:lapis_ore" },
        { "required": false, "id": "minecraft:deepslate_lapis_ore" },
        { "required": false, "id": "minecraft:diamond_ore" },
        { "required": false, "id": "minecraft:deepslate_diamond_ore" },
        { "required": false, "id": "minecraft:nether_gold_ore" },
        { "required": false, "id": "minecraft:nether_quartz_ore" },
        { "required": false, "id": "minecraft:ancient_debris" },
        { "required": false, "id": "minecraft:coal_block" },
        { "required": false, "id": "minecraft:raw_iron_block" },
        { "required": false, "id": "minecraft:raw_copper_block" },
        { "required": false, "id": "minecraft:raw_gold_block" },
        { "required": false, "id": "minecraft:amethyst_block" },
        { "required": false, "id": "minecraft:budding_amethyst" },
        { "required": false, "id": "minecraft:iron_block" },
        { "required": false, "id": "minecraft:copper_block" },
        { "required": false, "id": "minecraft:gold_block" },
        { "required": false, "id": "minecraft:diamond_block" },
        { "required": false, "id": "minecraft:netherite_block" },
        { "required": false, "id": "minecraft:exposed_copper" },
        { "required": false, "id": "minecraft:weathered_copper" },
        { "required": false, "id": "minecraft:oxidized_copper" },
        { "required": false, "id": "minecraft:cut_copper" },
        { "required": false, "id": "minecraft:exposed_cut_copper" },
        { "required": false, "id": "minecraft:weathered_cut_copper" },
        { "required": false, "id": "minecraft:oxidized_cut_copper" },
        { "required": false, "id": "minecraft:cut_copper_stairs" },
        { "required": false, "id": "minecraft:exposed_cut_copper_stairs" },
        { "required": false, "id": "minecraft:weathered_cut_copper_stairs" },
        { "required": false, "id": "minecraft:oxidized_cut_copper_stairs" },
        { "required": false, "id": "minecraft:cut_copper_slab" },
        { "required": false, "id": "minecraft:exposed_cut_copper_slab" },
        { "required": false, "id": "minecraft:weathered_cut_copper_slab" },
        { "required": false, "id": "minecraft:oxidized_cut_copper_slab" },
        { "required": false, "id": "minecraft:waxed_copper_block" },
        { "required": false, "id": "minecraft:waxed_exposed_copper" },
        { "required": false, "id": "minecraft:waxed_weathered_copper" },
        { "required": false, "id": "minecraft:waxed_oxidized_copper" },
        { "required": false, "id": "minecraft:waxed_cut_copper" },
        { "required": false, "id": "minecraft:waxed_exposed_cut_copper" },
        { "required": false, "id": "minecraft:waxed_weathered_cut_copper" },
        { "required": false, "id": "minecraft:waxed_oxidized_cut_copper" },
        { "required": false, "id": "minecraft:waxed_cut_copper_stairs" },
        { "required": false, "id": "minecraft:waxed_exposed_cut_copper_stairs" },
        { "required": false, "id": "minecraft:waxed_weathered_cut_copper_stairs" },
        { "required": false, "id": "minecraft:waxed_oxidized_cut_copper_stairs" },
        { "required": false, "id": "minecraft:waxed_cut_copper_slab" },
        { "required": false, "id": "minecraft:waxed_exposed_cut_copper_slab" },
        { "required": false, "id": "minecraft:waxed_weathered_cut_copper_slab" },
        { "required": false, "id": "minecraft:waxed_oxidized_cut_copper_slab" },
        { "required": false, "id": "minecraft:oak_log" },
        { "required": false, "id": "minecraft:spruce_log" },
        { "required": false, "id": "minecraft:birch_log" },
        { "required": false, "id": "minecraft:jungle_log" },
        { "required": false, "id": "minecraft:acacia_log" },
        { "required": false, "id": "minecraft:dark_oak_log" },
        { "required": false, "id": "minecraft:mangrove_log" },
        { "required": false, "id": "minecraft:mangrove_roots" },
        { "required": false, "id": "minecraft:muddy_mangrove_roots" },
        { "required": false, "id": "minecraft:crimson_stem" },
        { "required": false, "id": "minecraft:warped_stem" },
        { "required": false, "id": "minecraft:stripped_oak_log" },
        { "required": false, "id": "minecraft:stripped_spruce_log" },
        { "required": false, "id": "minecraft:stripped_birch_log" },
        { "required": false, "id": "minecraft:stripped_jungle_log" },
        { "required": false, "id": "minecraft:stripped_acacia_log" },
        { "required": false, "id": "minecraft:stripped_dark_oak_log" },
        { "required": false, "id": "minecraft:stripped_mangrove_log" },
        { "required": false, "id": "minecraft:stripped_crimson_stem" },
        { "required": false, "id": "minecraft:stripped_warped_stem" },
        { "required": false, "id": "minecraft:stripped_oak_wood" },
        { "required": false, "id": "minecraft:stripped_spruce_wood" },
        { "required": false, "id": "minecraft:stripped_birch_wood" },
        { "required": false, "id": "minecraft:stripped_jungle_wood" },
        { "required": false, "id": "minecraft:stripped_acacia_wood" },
        { "required": false, "id": "minecraft:stripped_dark_oak_wood" },
        { "required": false, "id": "minecraft:stripped_mangrove_wood" },
        { "required": false, "id": "minecraft:stripped_crimson_hyphae" },
        { "required": false, "id": "minecraft:stripped_warped_hyphae" },
        { "required": false, "id": "minecraft:oak_wood" },
        { "required": false, "id": "minecraft:spruce_wood" },
        { "required": false, "id": "minecraft:birch_wood" },
        { "required": false, "id": "minecraft:jungle_wood" },
        { "required": false, "id": "minecraft:acacia_wood" },
        { "required": false, "id": "minecraft:dark_oak_wood" },
        { "required": false, "id": "minecraft:mangrove_wood" },
        { "required": false, "id": "minecraft:crimson_hyphae" },
        { "required": false, "id": "minecraft:warped_hyphae" },
        { "required": false, "id": "minecraft:oak_leaves" },
        { "required": false, "id": "minecraft:spruce_leaves" },
        { "required": false, "id": "minecraft:birch_leaves" },
        { "required": false, "id": "minecraft:jungle_leaves" },
        { "required": false, "id": "minecraft:acacia_leaves" },
        { "required": false, "id": "minecraft:dark_oak_leaves" },
        { "required": false, "id": "minecraft:mangrove_leaves" },
        { "required": false, "id": "minecraft:azalea_leaves" },
        { "required": false, "id": "minecraft:flowering_azalea_leaves" },
        { "required": false, "id": "minecraft:sponge" },
        { "required": false, "id": "minecraft:wet_sponge" },
        { "required": false, "id": "minecraft:glass" },
        { "required": false, "id": "minecraft:tinted_glass" },
        { "required": false, "id": "minecraft:lapis_block" },
        { "required": false, "id": "minecraft:sandstone" },
        { "required": false, "id": "minecraft:chiseled_sandstone" },
        { "required": false, "id": "minecraft:cut_sandstone" },
        { "required": false, "id": "minecraft:cobweb" },
        { "required": false, "id": "minecraft:grass" },
        { "required": false, "id": "minecraft:fern" },
        { "required": false, "id": "minecraft:azalea" },
        { "required": false, "id": "minecraft:flowering_azalea" },
        { "required": false, "id": "minecraft:dead_bush" },
        { "required": false, "id": "minecraft:seagrass" },
        { "required": false, "id": "minecraft:sea_pickle" },
        { "required": false, "id": "minecraft:white_wool" },
        { "required": false, "id": "minecraft:orange_wool" },
        { "required": false, "id": "minecraft:magenta_wool" },
        { "required": false, "id": "minecraft:light_blue_wool" },
        { "required": false, "id": "minecraft:yellow_wool" },
        { "required": false, "id": "minecraft:lime_wool" },
        { "required": false, "id": "minecraft:pink_wool" },
        { "required": false, "id": "minecraft:gray_wool" },
        { "required": false, "id": "minecraft:light_gray_wool" },
        { "required": false, "id": "minecraft:cyan_wool" },
        { "required": false, "id": "minecraft:purple_wool" },
        { "required": false, "id": "minecraft:blue_wool" },
        { "required": false, "id": "minecraft:brown_wool" },
        { "required": false, "id": "minecraft:green_wool" },
        { "required": false, "id": "minecraft:red_wool" },
        { "required": false, "id": "minecraft:black_wool" },
        { "required": false, "id": "minecraft:dandelion" },
        { "required": false, "id": "minecraft:poppy" },
        { "required": false, "id": "minecraft:blue_orchid" },
        { "required": false, "id": "minecraft:allium" },
        { "required": false, "id": "minecraft:azure_bluet" },
        { "required": false, "id": "minecraft:red_tulip" },
        { "required": false, "id": "minecraft:orange_tulip" },
        { "required": false, "id": "minecraft:white_tulip" },
        { "required": false, "id": "minecraft:pink_tulip" },
        { "required": false, "id": "minecraft:oxeye_daisy" },
        { "required": false, "id": "minecraft:cornflower" },
        { "required": false, "id": "minecraft:lily_of_the_valley" },
        { "required": false, "id": "minecraft:wither_rose" },
        { "required": false, "id": "minecraft:spore_blossom" },
        { "required": false, "id": "minecraft:brown_mushroom" },
        { "required": false, "id": "minecraft:red_mushroom" },
        { "required": false, "id": "minecraft:crimson_fungus" },
        { "required": false, "id": "minecraft:warped_fungus" },
        { "required": false, "id": "minecraft:crimson_roots" },
        { "required": false, "id": "minecraft:warped_roots" },
        { "required": false, "id": "minecraft:nether_sprouts" },
        { "required": false, "id": "minecraft:weeping_vines" },
        { "required": false, "id": "minecraft:twisting_vines" },
        { "required": false, "id": "minecraft:sugar_cane" },
        { "required": false, "id": "minecraft:kelp" },
        { "required": false, "id": "minecraft:moss_carpet" },
        { "required": false, "id": "minecraft:moss_block" },
        { "required": false, "id": "minecraft:hanging_roots" },
        { "required": false, "id": "minecraft:big_dripleaf" },
        { "required": false, "id": "minecraft:small_dripleaf" },
        { "required": false, "id": "minecraft:bamboo" },
        { "required": false, "id": "minecraft:oak_slab" },
        { "required": false, "id": "minecraft:spruce_slab" },
        { "required": false, "id": "minecraft:birch_slab" },
        { "required": false, "id": "minecraft:jungle_slab" },
        { "required": false, "id": "minecraft:acacia_slab" },
        { "required": false, "id": "minecraft:dark_oak_slab" },
        { "required": false, "id": "minecraft:mangrove_slab" },
        { "required": false, "id": "minecraft:crimson_slab" },
        { "required": false, "id": "minecraft:warped_slab" },
        { "required": false, "id": "minecraft:stone_slab" },
        { "required": false, "id": "minecraft:smooth_stone_slab" },
        { "required": false, "id": "minecraft:sandstone_slab" },
        { "required": false, "id": "minecraft:cut_sandstone_slab" },
        { "required": false, "id": "minecraft:petrified_oak_slab" },
        { "required": false, "id": "minecraft:cobblestone_slab" },
        { "required": false, "id": "minecraft:brick_slab" },
        { "required": false, "id": "minecraft:stone_brick_slab" },
        { "required": false, "id": "minecraft:mud_brick_slab" },
        { "required": false, "id": "minecraft:nether_brick_slab" },
        { "required": false, "id": "minecraft:quartz_slab" },
        { "required": false, "id": "minecraft:red_sandstone_slab" },
        { "required": false, "id": "minecraft:cut_red_sandstone_slab" },
        { "required": false, "id": "minecraft:purpur_slab" },
        { "required": false, "id": "minecraft:prismarine_slab" },
        { "required": false, "id": "minecraft:prismarine_brick_slab" },
        { "required": false, "id": "minecraft:dark_prismarine_slab" },
        { "required": false, "id": "minecraft:smooth_quartz" },
        { "required": false, "id": "minecraft:smooth_red_sandstone" },
        { "required": false, "id": "minecraft:smooth_sandstone" },
        { "required": false, "id": "minecraft:smooth_stone" },
        { "required": false, "id": "minecraft:bricks" },
        { "required": false, "id": "minecraft:bookshelf" },
        { "required": false, "id": "minecraft:mossy_cobblestone" },
        { "required": false, "id": "minecraft:obsidian" },
        { "required": false, "id": "minecraft:torch" },
        { "required": false, "id": "minecraft:end_rod" },
        { "required": false, "id": "minecraft:chorus_plant" },
        { "required": false, "id": "minecraft:chorus_flower" },
        { "required": false, "id": "minecraft:purpur_block" },
        { "required": false, "id": "minecraft:purpur_pillar" },
        { "required": false, "id": "minecraft:purpur_stairs" },
        { "required": false, "id": "minecraft:spawner" },
        { "required": false, "id": "minecraft:chest" },
        { "required": false, "id": "minecraft:crafting_table" },
        { "required": false, "id": "minecraft:farmland" },
        { "required": false, "id": "minecraft:furnace" },
        { "required": false, "id": "minecraft:ladder" },
        { "required": false, "id": "minecraft:cobblestone_stairs" },
        { "required": false, "id": "minecraft:snow" },
        { "required": false, "id": "minecraft:ice" },
        { "required": false, "id": "minecraft:snow_block" },
        { "required": false, "id": "minecraft:cactus" },
        { "required": false, "id": "minecraft:clay" },
        { "required": false, "id": "minecraft:jukebox" },
        { "required": false, "id": "minecraft:oak_fence" },
        { "required": false, "id": "minecraft:spruce_fence" },
        { "required": false, "id": "minecraft:birch_fence" },
        { "required": false, "id": "minecraft:jungle_fence" },
        { "required": false, "id": "minecraft:acacia_fence" },
        { "required": false, "id": "minecraft:dark_oak_fence" },
        { "required": false, "id": "minecraft:mangrove_fence" },
        { "required": false, "id": "minecraft:crimson_fence" },
        { "required": false, "id": "minecraft:warped_fence" },
        { "required": false, "id": "minecraft:pumpkin" },
        { "required": false, "id": "minecraft:carved_pumpkin" },
        { "required": false, "id": "minecraft:jack_o_lantern" },
        { "required": false, "id": "minecraft:netherrack" },
        { "required": false, "id": "minecraft:soul_sand" },
        { "required": false, "id": "minecraft:soul_soil" },
        { "required": false, "id": "minecraft:basalt" },
        { "required": false, "id": "minecraft:polished_basalt" },
        { "required": false, "id": "minecraft:smooth_basalt" },
        { "required": false, "id": "minecraft:soul_torch" },
        { "required": false, "id": "minecraft:glowstone" },
        { "required": false, "id": "minecraft:infested_stone" },
        { "required": false, "id": "minecraft:infested_cobblestone" },
        { "required": false, "id": "minecraft:infested_stone_bricks" },
        { "required": false, "id": "minecraft:infested_mossy_stone_bricks" },
        { "required": false, "id": "minecraft:infested_cracked_stone_bricks" },
        { "required": false, "id": "minecraft:infested_chiseled_stone_bricks" },
        { "required": false, "id": "minecraft:infested_deepslate" },
        { "required": false, "id": "minecraft:stone_bricks" },
        { "required": false, "id": "minecraft:mossy_stone_bricks" },
        { "required": false, "id": "minecraft:cracked_stone_bricks" },
        { "required": false, "id": "minecraft:chiseled_stone_bricks" },
        { "required": false, "id": "minecraft:packed_mud" },
        { "required": false, "id": "minecraft:mud_bricks" },
        { "required": false, "id": "minecraft:deepslate_bricks" },
        { "required": false, "id": "minecraft:cracked_deepslate_bricks" },
        { "required": false, "id": "minecraft:deepslate_tiles" },
        { "required": false, "id": "minecraft:cracked_deepslate_tiles" },
        { "required": false, "id": "minecraft:chiseled_deepslate" },
        { "required": false, "id": "minecraft:reinforced_deepslate" },
        { "required": false, "id": "minecraft:brown_mushroom_block" },
        { "required": false, "id": "minecraft:red_mushroom_block" },
        { "required": false, "id": "minecraft:mushroom_stem" },
        { "required": false, "id": "minecraft:iron_bars" },
        { "required": false, "id": "minecraft:chain" },
        { "required": false, "id": "minecraft:glass_pane" },
        { "required": false, "id": "minecraft:melon" },
        { "required": false, "id": "minecraft:vine" },
        { "required": false, "id": "minecraft:glow_lichen" },
        { "required": false, "id": "minecraft:brick_stairs" },
        { "required": false, "id": "minecraft:stone_brick_stairs" },
        { "required": false, "id": "minecraft:mud_brick_stairs" },
        { "required": false, "id": "minecraft:mycelium" },
        { "required": false, "id": "minecraft:lily_pad" },
        { "required": false, "id": "minecraft:nether_bricks" },
        { "required": false, "id": "minecraft:cracked_nether_bricks" },
        { "required": false, "id": "minecraft:chiseled_nether_bricks" },
        { "required": false, "id": "minecraft:nether_brick_fence" },
        { "required": false, "id": "minecraft:nether_brick_stairs" },
        { "required": false, "id": "minecraft:sculk" },
        { "required": false, "id": "minecraft:sculk_vein" },
        { "required": false, "id": "minecraft:sculk_catalyst" },
        { "required": false, "id": "minecraft:sculk_shrieker" },
        { "required": false, "id": "minecraft:enchanting_table" },
        { "required": false, "id": "minecraft:end_portal_frame" },
        { "required": false, "id": "minecraft:end_stone" },
        { "required": false, "id": "minecraft:end_stone_bricks" },
        { "required": false, "id": "minecraft:dragon_egg" },
        { "required": false, "id": "minecraft:sandstone_stairs" },
        { "required": false, "id": "minecraft:ender_chest" },
        { "required": false, "id": "minecraft:emerald_block" },
        { "required": false, "id": "minecraft:oak_stairs" },
        { "required": false, "id": "minecraft:spruce_stairs" },
        { "required": false, "id": "minecraft:birch_stairs" },
        { "required": false, "id": "minecraft:jungle_stairs" },
        { "required": false, "id": "minecraft:acacia_stairs" },
        { "required": false, "id": "minecraft:dark_oak_stairs" },
        { "required": false, "id": "minecraft:mangrove_stairs" },
        { "required": false, "id": "minecraft:crimson_stairs" },
        { "required": false, "id": "minecraft:warped_stairs" },
        { "required": false, "id": "minecraft:command_block" },
        { "required": false, "id": "minecraft:beacon" },
        { "required": false, "id": "minecraft:cobblestone_wall" },
        { "required": false, "id": "minecraft:mossy_cobblestone_wall" },
        { "required": false, "id": "minecraft:brick_wall" },
        { "required": false, "id": "minecraft:prismarine_wall" },
        { "required": false, "id": "minecraft:red_sandstone_wall" },
        { "required": false, "id": "minecraft:mossy_stone_brick_wall" },
        { "required": false, "id": "minecraft:granite_wall" },
        { "required": false, "id": "minecraft:stone_brick_wall" },
        { "required": false, "id": "minecraft:mud_brick_wall" },
        { "required": false, "id": "minecraft:nether_brick_wall" },
        { "required": false, "id": "minecraft:andesite_wall" },
        { "required": false, "id": "minecraft:red_nether_brick_wall" },
        { "required": false, "id": "minecraft:sandstone_wall" },
        { "required": false, "id": "minecraft:end_stone_brick_wall" },
        { "required": false, "id": "minecraft:diorite_wall" },
        { "required": false, "id": "minecraft:blackstone_wall" },
        { "required": false, "id": "minecraft:polished_blackstone_wall" },
        { "required": false, "id": "minecraft:polished_blackstone_brick_wall" },
        { "required": false, "id": "minecraft:cobbled_deepslate_wall" },
        { "required": false, "id": "minecraft:polished_deepslate_wall" },
        { "required": false, "id": "minecraft:deepslate_brick_wall" },
        { "required": false, "id": "minecraft:deepslate_tile_wall" },
        { "required": false, "id": "minecraft:anvil" },
        { "required": false, "id": "minecraft:chipped_anvil" },
        { "required": false, "id": "minecraft:damaged_anvil" },
        { "required": false, "id": "minecraft:chiseled_quartz_block" },
        { "required": false, "id": "minecraft:quartz_block" },
        { "required": false, "id": "minecraft:quartz_bricks" },
        { "required": false, "id": "minecraft:quartz_pillar" },
        { "required": false, "id": "minecraft:quartz_stairs" },
        { "required": false, "id": "minecraft:white_terracotta" },
        { "required": false, "id": "minecraft:orange_terracotta" },
        { "required": false, "id": "minecraft:magenta_terracotta" },
        { "required": false, "id": "minecraft:light_blue_terracotta" },
        { "required": false, "id": "minecraft:yellow_terracotta" },
        { "required": false, "id": "minecraft:lime_terracotta" },
        { "required": false, "id": "minecraft:pink_terracotta" },
        { "required": false, "id": "minecraft:gray_terracotta" },
        { "required": false, "id": "minecraft:light_gray_terracotta" },
        { "required": false, "id": "minecraft:cyan_terracotta" },
        { "required": false, "id": "minecraft:purple_terracotta" },
        { "required": false, "id": "minecraft:blue_terracotta" },
        { "required": false, "id": "minecraft:brown_terracotta" },
        { "required": false, "id": "minecraft:green_terracotta" },
        { "required": false, "id": "minecraft:red_terracotta" },
        { "required": false, "id": "minecraft:black_terracotta" },
        { "required": false, "id": "minecraft:barrier" },
        { "required": false, "id": "minecraft:light" },
        { "required": false, "id": "minecraft:hay_block" },
        { "required": false, "id": "minecraft:white_carpet" },
        { "required": false, "id": "minecraft:orange_carpet" },
        { "required": false, "id": "minecraft:magenta_carpet" },
        { "required": false, "id": "minecraft:light_blue_carpet" },
        { "required": false, "id": "minecraft:yellow_carpet" },
        { "required": false, "id": "minecraft:lime_carpet" },
        { "required": false, "id": "minecraft:pink_carpet" },
        { "required": false, "id": "minecraft:gray_carpet" },
        { "required": false, "id": "minecraft:light_gray_carpet" },
        { "required": false, "id": "minecraft:cyan_carpet" },
        { "required": false, "id": "minecraft:purple_carpet" },
        { "required": false, "id": "minecraft:blue_carpet" },
        { "required": false, "id": "minecraft:brown_carpet" },
        { "required": false, "id": "minecraft:green_carpet" },
        { "required": false, "id": "minecraft:red_carpet" },
        { "required": false, "id": "minecraft:black_carpet" },
        { "required": false, "id": "minecraft:terracotta" },
        { "required": false, "id": "minecraft:packed_ice" },
        { "required": false, "id": "minecraft:dirt_path" },
        { "required": false, "id": "minecraft:sunflower" },
        { "required": false, "id": "minecraft:lilac" },
        { "required": false, "id": "minecraft:rose_bush" },
        { "required": false, "id": "minecraft:peony" },
        { "required": false, "id": "minecraft:tall_grass" },
        { "required": false, "id": "minecraft:large_fern" },
        { "required": false, "id": "minecraft:white_stained_glass" },
        { "required": false, "id": "minecraft:orange_stained_glass" },
        { "required": false, "id": "minecraft:magenta_stained_glass" },
        { "required": false, "id": "minecraft:light_blue_stained_glass" },
        { "required": false, "id": "minecraft:yellow_stained_glass" },
        { "required": false, "id": "minecraft:lime_stained_glass" },
        { "required": false, "id": "minecraft:pink_stained_glass" },
        { "required": false, "id": "minecraft:gray_stained_glass" },
        { "required": false, "id": "minecraft:light_gray_stained_glass" },
        { "required": false, "id": "minecraft:cyan_stained_glass" },
        { "required": false, "id": "minecraft:purple_stained_glass" },
        { "required": false, "id": "minecraft:blue_stained_glass" },
        { "required": false, "id": "minecraft:brown_stained_glass" },
        { "required": false, "id": "minecraft:green_stained_glass" },
        { "required": false, "id": "minecraft:red_stained_glass" },
        { "required": false, "id": "minecraft:black_stained_glass" },
        { "required": false, "id": "minecraft:white_stained_glass_pane" },
        { "required": false, "id": "minecraft:orange_stained_glass_pane" },
        { "required": false, "id": "minecraft:magenta_stained_glass_pane" },
        { "required": false, "id": "minecraft:light_blue_stained_glass_pane" },
        { "required": false, "id": "minecraft:yellow_stained_glass_pane" },
        { "required": false, "id": "minecraft:lime_stained_glass_pane" },
        { "required": false, "id": "minecraft:pink_stained_glass_pane" },
        { "required": false, "id": "minecraft:gray_stained_glass_pane" },
        { "required": false, "id": "minecraft:light_gray_stained_glass_pane" },
        { "required": false, "id": "minecraft:cyan_stained_glass_pane" },
        { "required": false, "id": "minecraft:purple_stained_glass_pane" },
        { "required": false, "id": "minecraft:blue_stained_glass_pane" },
        { "required": false, "id": "minecraft:brown_stained_glass_pane" },
        { "required": false, "id": "minecraft:green_stained_glass_pane" },
        { "required": false, "id": "minecraft:red_stained_glass_pane" },
        { "required": false, "id": "minecraft:black_stained_glass_pane" },
        { "required": false, "id": "minecraft:prismarine" },
        { "required": false, "id": "minecraft:prismarine_bricks" },
        { "required": false, "id": "minecraft:dark_prismarine" },
        { "required": false, "id": "minecraft:prismarine_stairs" },
        { "required": false, "id": "minecraft:prismarine_brick_stairs" },
        { "required": false, "id": "minecraft:dark_prismarine_stairs" },
        { "required": false, "id": "minecraft:sea_lantern" },
        { "required": false, "id": "minecraft:red_sandstone" },
        { "required": false, "id": "minecraft:chiseled_red_sandstone" },
        { "required": false, "id": "minecraft:cut_red_sandstone" },
        { "required": false, "id": "minecraft:red_sandstone_stairs" },
        { "required": false, "id": "minecraft:repeating_command_block" },
        { "required": false, "id": "minecraft:chain_command_block" },
        { "required": false, "id": "minecraft:magma_block" },
        { "required": false, "id": "minecraft:nether_wart_block" },
        { "required": false, "id": "minecraft:warped_wart_block" },
        { "required": false, "id": "minecraft:red_nether_bricks" },
        { "required": false, "id": "minecraft:bone_block" },
        { "required": false, "id": "minecraft:structure_void" },
        { "required": false, "id": "minecraft:shulker_box" },
        { "required": false, "id": "minecraft:white_shulker_box" },
        { "required": false, "id": "minecraft:orange_shulker_box" },
        { "required": false, "id": "minecraft:magenta_shulker_box" },
        { "required": false, "id": "minecraft:light_blue_shulker_box" },
        { "required": false, "id": "minecraft:yellow_shulker_box" },
        { "required": false, "id": "minecraft:lime_shulker_box" },
        { "required": false, "id": "minecraft:pink_shulker_box" },
        { "required": false, "id": "minecraft:gray_shulker_box" },
        { "required": false, "id": "minecraft:light_gray_shulker_box" },
        { "required": false, "id": "minecraft:cyan_shulker_box" },
        { "required": false, "id": "minecraft:purple_shulker_box" },
        { "required": false, "id": "minecraft:blue_shulker_box" },
        { "required": false, "id": "minecraft:brown_shulker_box" },
        { "required": false, "id": "minecraft:green_shulker_box" },
        { "required": false, "id": "minecraft:red_shulker_box" },
        { "required": false, "id": "minecraft:black_shulker_box" },
        { "required": false, "id": "minecraft:white_glazed_terracotta" },
        { "required": false, "id": "minecraft:orange_glazed_terracotta" },
        { "required": false, "id": "minecraft:magenta_glazed_terracotta" },
        { "required": false, "id": "minecraft:light_blue_glazed_terracotta" },
        { "required": false, "id": "minecraft:yellow_glazed_terracotta" },
        { "required": false, "id": "minecraft:lime_glazed_terracotta" },
        { "required": false, "id": "minecraft:pink_glazed_terracotta" },
        { "required": false, "id": "minecraft:gray_glazed_terracotta" },
        { "required": false, "id": "minecraft:light_gray_glazed_terracotta" },
        { "required": false, "id": "minecraft:cyan_glazed_terracotta" },
        { "required": false, "id": "minecraft:purple_glazed_terracotta" },
        { "required": false, "id": "minecraft:blue_glazed_terracotta" },
        { "required": false, "id": "minecraft:brown_glazed_terracotta" },
        { "required": false, "id": "minecraft:green_glazed_terracotta" },
        { "required": false, "id": "minecraft:red_glazed_terracotta" },
        { "required": false, "id": "minecraft:black_glazed_terracotta" },
        { "required": false, "id": "minecraft:white_concrete" },
        { "required": false, "id": "minecraft:orange_concrete" },
        { "required": false, "id": "minecraft:magenta_concrete" },
        { "required": false, "id": "minecraft:light_blue_concrete" },
        { "required": false, "id": "minecraft:yellow_concrete" },
        { "required": false, "id": "minecraft:lime_concrete" },
        { "required": false, "id": "minecraft:pink_concrete" },
        { "required": false, "id": "minecraft:gray_concrete" },
        { "required": false, "id": "minecraft:light_gray_concrete" },
        { "required": false, "id": "minecraft:cyan_concrete" },
        { "required": false, "id": "minecraft:purple_concrete" },
        { "required": false, "id": "minecraft:blue_concrete" },
        { "required": false, "id": "minecraft:brown_concrete" },
        { "required": false, "id": "minecraft:green_concrete" },
        { "required": false, "id": "minecraft:red_concrete" },
        { "required": false, "id": "minecraft:black_concrete" },
        { "required": false, "id": "minecraft:white_concrete_powder" },
        { "required": false, "id": "minecraft:orange_concrete_powder" },
        { "required": false, "id": "minecraft:magenta_concrete_powder" },
        { "required": false, "id": "minecraft:light_blue_concrete_powder" },
        { "required": false, "id": "minecraft:yellow_concrete_powder" },
        { "required": false, "id": "minecraft:lime_concrete_powder" },
        { "required": false, "id": "minecraft:pink_concrete_powder" },
        { "required": false, "id": "minecraft:gray_concrete_powder" },
        { "required": false, "id": "minecraft:light_gray_concrete_powder" },
        { "required": false, "id": "minecraft:cyan_concrete_powder" },
        { "required": false, "id": "minecraft:purple_concrete_powder" },
        { "required": false, "id": "minecraft:blue_concrete_powder" },
        { "required": false, "id": "minecraft:brown_concrete_powder" },
        { "required": false, "id": "minecraft:green_concrete_powder" },
        { "required": false, "id": "minecraft:red_concrete_powder" },
        { "required": false, "id": "minecraft:black_concrete_powder" },
        { "required": false, "id": "minecraft:turtle_egg" },
        { "required": false, "id": "minecraft:dead_tube_coral_block" },
        { "required": false, "id": "minecraft:dead_brain_coral_block" },
        { "required": false, "id": "minecraft:dead_bubble_coral_block" },
        { "required": false, "id": "minecraft:dead_fire_coral_block" },
        { "required": false, "id": "minecraft:dead_horn_coral_block" },
        { "required": false, "id": "minecraft:tube_coral_block" },
        { "required": false, "id": "minecraft:brain_coral_block" },
        { "required": false, "id": "minecraft:bubble_coral_block" },
        { "required": false, "id": "minecraft:fire_coral_block" },
        { "required": false, "id": "minecraft:horn_coral_block" },
        { "required": false, "id": "minecraft:tube_coral" },
        { "required": false, "id": "minecraft:brain_coral" },
        { "required": false, "id": "minecraft:bubble_coral" },
        { "required": false, "id": "minecraft:fire_coral" },
        { "required": false, "id": "minecraft:horn_coral" },
        { "required": false, "id": "minecraft:dead_brain_coral" },
        { "required": false, "id": "minecraft:dead_bubble_coral" },
        { "required": false, "id": "minecraft:dead_fire_coral" },
        { "required": false, "id": "minecraft:dead_horn_coral" },
        { "required": false, "id": "minecraft:dead_tube_coral" },
        { "required": false, "id": "minecraft:tube_coral_fan" },
        { "required": false, "id": "minecraft:brain_coral_fan" },
        { "required": false, "id": "minecraft:bubble_coral_fan" },
        { "required": false, "id": "minecraft:fire_coral_fan" },
        { "required": false, "id": "minecraft:horn_coral_fan" },
        { "required": false, "id": "minecraft:dead_tube_coral_fan" },
        { "required": false, "id": "minecraft:dead_brain_coral_fan" },
        { "required": false, "id": "minecraft:dead_bubble_coral_fan" },
        { "required": false, "id": "minecraft:dead_fire_coral_fan" },
        { "required": false, "id": "minecraft:dead_horn_coral_fan" },
        { "required": false, "id": "minecraft:blue_ice" },
        { "required": false, "id": "minecraft:conduit" },
        { "required": false, "id": "minecraft:polished_granite_stairs" },
        { "required": false, "id": "minecraft:smooth_red_sandstone_stairs" },
        { "required": false, "id": "minecraft:mossy_stone_brick_stairs" },
        { "required": false, "id": "minecraft:polished_diorite_stairs" },
        { "required": false, "id": "minecraft:mossy_cobblestone_stairs" },
        { "required": false, "id": "minecraft:end_stone_brick_stairs" },
        { "required": false, "id": "minecraft:stone_stairs" },
        { "required": false, "id": "minecraft:smooth_sandstone_stairs" },
        { "required": false, "id": "minecraft:smooth_quartz_stairs" },
        { "required": false, "id": "minecraft:granite_stairs" },
        { "required": false, "id": "minecraft:andesite_stairs" },
        { "required": false, "id": "minecraft:red_nether_brick_stairs" },
        { "required": false, "id": "minecraft:polished_andesite_stairs" },
        { "required": false, "id": "minecraft:diorite_stairs" },
        { "required": false, "id": "minecraft:cobbled_deepslate_stairs" },
        { "required": false, "id": "minecraft:polished_deepslate_stairs" },
        { "required": false, "id": "minecraft:deepslate_brick_stairs" },
        { "required": false, "id": "minecraft:deepslate_tile_stairs" },
        { "required": false, "id": "minecraft:polished_granite_slab" },
        { "required": false, "id": "minecraft:smooth_red_sandstone_slab" },
        { "required": false, "id": "minecraft:mossy_stone_brick_slab" },
        { "required": false, "id": "minecraft:polished_diorite_slab" },
        { "required": false, "id": "minecraft:mossy_cobblestone_slab" },
        { "required": false, "id": "minecraft:end_stone_brick_slab" },
        { "required": false, "id": "minecraft:smooth_sandstone_slab" },
        { "required": false, "id": "minecraft:smooth_quartz_slab" },
        { "required": false, "id": "minecraft:granite_slab" },
        { "required": false, "id": "minecraft:andesite_slab" },
        { "required": false, "id": "minecraft:red_nether_brick_slab" },
        { "required": false, "id": "minecraft:polished_andesite_slab" },
        { "required": false, "id": "minecraft:diorite_slab" },
        { "required": false, "id": "minecraft:cobbled_deepslate_slab" },
        { "required": false, "id": "minecraft:polished_deepslate_slab" },
        { "required": false, "id": "minecraft:deepslate_brick_slab" },
        { "required": false, "id": "minecraft:deepslate_tile_slab" },
        { "required": false, "id": "minecraft:scaffolding" },
        { "required": false, "id": "minecraft:redstone" },
        { "required": false, "id": "minecraft:redstone_torch" },
        { "required": false, "id": "minecraft:redstone_block" },
        { "required": false, "id": "minecraft:repeater" },
        { "required": false, "id": "minecraft:comparator" },
        { "required": false, "id": "minecraft:piston" },
        { "required": false, "id": "minecraft:sticky_piston" },
        { "required": false, "id": "minecraft:slime_block" },
        { "required": false, "id": "minecraft:honey_block" },
        { "required": false, "id": "minecraft:observer" },
        { "required": false, "id": "minecraft:hopper" },
        { "required": false, "id": "minecraft:dispenser" },
        { "required": false, "id": "minecraft:dropper" },
        { "required": false, "id": "minecraft:lectern" },
        { "required": false, "id": "minecraft:target" },
        { "required": false, "id": "minecraft:lever" },
        { "required": false, "id": "minecraft:lightning_rod" },
        { "required": false, "id": "minecraft:daylight_detector" },
        { "required": false, "id": "minecraft:sculk_sensor" },
        { "required": false, "id": "minecraft:tripwire_hook" },
        { "required": false, "id": "minecraft:trapped_chest" },
        { "required": false, "id": "minecraft:tnt" },
        { "required": false, "id": "minecraft:redstone_lamp" },
        { "required": false, "id": "minecraft:note_block" },
        { "required": false, "id": "minecraft:stone_button" },
        { "required": false, "id": "minecraft:polished_blackstone_button" },
        { "required": false, "id": "minecraft:oak_button" },
        { "required": false, "id": "minecraft:spruce_button" },
        { "required": false, "id": "minecraft:birch_button" },
        { "required": false, "id": "minecraft:jungle_button" },
        { "required": false, "id": "minecraft:acacia_button" },
        { "required": false, "id": "minecraft:dark_oak_button" },
        { "required": false, "id": "minecraft:mangrove_button" },
        { "required": false, "id": "minecraft:crimson_button" },
        { "required": false, "id": "minecraft:warped_button" },
        { "required": false, "id": "minecraft:stone_pressure_plate" },
        { "required": false, "id": "minecraft:polished_blackstone_pressure_plate" },
        { "required": false, "id": "minecraft:light_weighted_pressure_plate" },
        { "required": false, "id": "minecraft:heavy_weighted_pressure_plate" },
        { "required": false, "id": "minecraft:oak_pressure_plate" },
        { "required": false, "id": "minecraft:spruce_pressure_plate" },
        { "required": false, "id": "minecraft:birch_pressure_plate" },
        { "required": false, "id": "minecraft:jungle_pressure_plate" },
        { "required": false, "id": "minecraft:acacia_pressure_plate" },
        { "required": false, "id": "minecraft:dark_oak_pressure_plate" },
        { "required": false, "id": "minecraft:mangrove_pressure_plate" },
        { "required": false, "id": "minecraft:crimson_pressure_plate" },
        { "required": false, "id": "minecraft:warped_pressure_plate" },
        { "required": false, "id": "minecraft:iron_door" },
        { "required": false, "id": "minecraft:oak_door" },
        { "required": false, "id": "minecraft:spruce_door" },
        { "required": false, "id": "minecraft:birch_door" },
        { "required": false, "id": "minecraft:jungle_door" },
        { "required": false, "id": "minecraft:acacia_door" },
        { "required": false, "id": "minecraft:dark_oak_door" },
        { "required": false, "id": "minecraft:mangrove_door" },
        { "required": false, "id": "minecraft:crimson_door" },
        { "required": false, "id": "minecraft:warped_door" },
        { "required": false, "id": "minecraft:iron_trapdoor" },
        { "required": false, "id": "minecraft:oak_trapdoor" },
        { "required": false, "id": "minecraft:spruce_trapdoor" },
        { "required": false, "id": "minecraft:birch_trapdoor" },
        { "required": false, "id": "minecraft:jungle_trapdoor" },
        { "required": false, "id": "minecraft:acacia_trapdoor" },
        { "required": false, "id": "minecraft:dark_oak_trapdoor" },
        { "required": false, "id": "minecraft:mangrove_trapdoor" },
        { "required": false, "id": "minecraft:crimson_trapdoor" },
        { "required": false, "id": "minecraft:warped_trapdoor" },
        { "required": false, "id": "minecraft:oak_fence_gate" },
        { "required": false, "id": "minecraft:spruce_fence_gate" },
        { "required": false, "id": "minecraft:birch_fence_gate" },
        { "required": false, "id": "minecraft:jungle_fence_gate" },
        { "required": false, "id": "minecraft:acacia_fence_gate" },
        { "required": false, "id": "minecraft:dark_oak_fence_gate" },
        { "required": false, "id": "minecraft:mangrove_fence_gate" },
        { "required": false, "id": "minecraft:crimson_fence_gate" },
        { "required": false, "id": "minecraft:warped_fence_gate" },
        { "required": false, "id": "minecraft:powered_rail" },
        { "required": false, "id": "minecraft:detector_rail" },
        { "required": false, "id": "minecraft:rail" },
        { "required": false, "id": "minecraft:activator_rail" },
        { "required": false, "id": "minecraft:saddle" },
        { "required": false, "id": "minecraft:minecart" },
        { "required": false, "id": "minecraft:chest_minecart" },
        { "required": false, "id": "minecraft:furnace_minecart" },
        { "required": false, "id": "minecraft:tnt_minecart" },
        { "required": false, "id": "minecraft:hopper_minecart" },
        { "required": false, "id": "minecraft:carrot_on_a_stick" },
        { "required": false, "id": "minecraft:warped_fungus_on_a_stick" },
        { "required": false, "id": "minecraft:elytra" },
        { "required": false, "id": "minecraft:oak_boat" },
        { "required": false, "id": "minecraft:oak_chest_boat" },
        { "required": false, "id": "minecraft:spruce_boat" },
        { "required": false, "id": "minecraft:spruce_chest_boat" },
        { "required": false, "id": "minecraft:birch_boat" },
        { "required": false, "id": "minecraft:birch_chest_boat" },
        { "required": false, "id": "minecraft:jungle_boat" },
        { "required": false, "id": "minecraft:jungle_chest_boat" },
        { "required": false, "id": "minecraft:acacia_boat" },
        { "required": false, "id": "minecraft:acacia_chest_boat" },
        { "required": false, "id": "minecraft:dark_oak_boat" },
        { "required": false, "id": "minecraft:dark_oak_chest_boat" },
        { "required": false, "id": "minecraft:mangrove_boat" },
        { "required": false, "id": "minecraft:mangrove_chest_boat" },
        { "required": false, "id": "minecraft:structure_block" },
        { "required": false, "id": "minecraft:jigsaw" },
        { "required": false, "id": "minecraft:turtle_helmet" },
        { "required": false, "id": "minecraft:scute" },
        { "required": false, "id": "minecraft:flint_and_steel" },
        { "required": false, "id": "minecraft:apple" },
        { "required": false, "id": "minecraft:bow" },
        { "required": false, "id": "minecraft:arrow" },
        { "required": false, "id": "minecraft:coal" },
        { "required": false, "id": "minecraft:charcoal" },
        { "required": false, "id": "minecraft:diamond" },
        { "required": false, "id": "minecraft:emerald" },
        { "required": false, "id": "minecraft:lapis_lazuli" },
        { "required": false, "id": "minecraft:quartz" },
        { "required": false, "id": "minecraft:amethyst_shard" },
        { "required": false, "id": "minecraft:raw_iron" },
        { "required": false, "id": "minecraft:iron_ingot" },
        { "required": false, "id": "minecraft:raw_copper" },
        { "required": false, "id": "minecraft:copper_ingot" },
        { "required": false, "id": "minecraft:raw_gold" },
        { "required": false, "id": "minecraft:gold_ingot" },
        { "required": false, "id": "minecraft:netherite_ingot" },
        { "required": false, "id": "minecraft:netherite_scrap" },
        { "required": false, "id": "minecraft:wooden_sword" },
        { "required": false, "id": "minecraft:wooden_shovel" },
        { "required": false, "id": "minecraft:wooden_pickaxe" },
        { "required": false, "id": "minecraft:wooden_axe" },
        { "required": false, "id": "minecraft:wooden_hoe" },
        { "required": false, "id": "minecraft:stone_sword" },
        { "required": false, "id": "minecraft:stone_shovel" },
        { "required": false, "id": "minecraft:stone_pickaxe" },
        { "required": false, "id": "minecraft:stone_axe" },
        { "required": false, "id": "minecraft:stone_hoe" },
        { "required": false, "id": "minecraft:golden_sword" },
        { "required": false, "id": "minecraft:golden_shovel" },
        { "required": false, "id": "minecraft:golden_pickaxe" },
        { "required": false, "id": "minecraft:golden_axe" },
        { "required": false, "id": "minecraft:golden_hoe" },
        { "required": false, "id": "minecraft:iron_sword" },
        { "required": false, "id": "minecraft:iron_shovel" },
        { "required": false, "id": "minecraft:iron_pickaxe" },
        { "required": false, "id": "minecraft:iron_axe" },
        { "required": false, "id": "minecraft:iron_hoe" },
        { "required": false, "id": "minecraft:diamond_sword" },
        { "required": false, "id": "minecraft:diamond_shovel" },
        { "required": false, "id": "minecraft:diamond_pickaxe" },
        { "required": false, "id": "minecraft:diamond_axe" },
        { "required": false, "id": "minecraft:diamond_hoe" },
        { "required": false, "id": "minecraft:netherite_sword" },
        { "required": false, "id": "minecraft:netherite_shovel" },
        { "required": false, "id": "minecraft:netherite_pickaxe" },
        { "required": false, "id": "minecraft:netherite_axe" },
        { "required": false, "id": "minecraft:netherite_hoe" },
        { "required": false, "id": "minecraft:stick" },
        { "required": false, "id": "minecraft:bowl" },
        { "required": false, "id": "minecraft:mushroom_stew" },
        { "required": false, "id": "minecraft:string" },
        { "required": false, "id": "minecraft:feather" },
        { "required": false, "id": "minecraft:gunpowder" },
        { "required": false, "id": "minecraft:wheat_seeds" },
        { "required": false, "id": "minecraft:wheat" },
        { "required": false, "id": "minecraft:bread" },
        { "required": false, "id": "minecraft:leather_helmet" },
        { "required": false, "id": "minecraft:leather_chestplate" },
        { "required": false, "id": "minecraft:leather_leggings" },
        { "required": false, "id": "minecraft:leather_boots" },
        { "required": false, "id": "minecraft:chainmail_helmet" },
        { "required": false, "id": "minecraft:chainmail_chestplate" },
        { "required": false, "id": "minecraft:chainmail_leggings" },
        { "required": false, "id": "minecraft:chainmail_boots" },
        { "required": false, "id": "minecraft:iron_helmet" },
        { "required": false, "id": "minecraft:iron_chestplate" },
        { "required": false, "id": "minecraft:iron_leggings" },
        { "required": false, "id": "minecraft:iron_boots" },
        { "required": false, "id": "minecraft:diamond_helmet" },
        { "required": false, "id": "minecraft:diamond_chestplate" },
        { "required": false, "id": "minecraft:diamond_leggings" },
        { "required": false, "id": "minecraft:diamond_boots" },
        { "required": false, "id": "minecraft:golden_helmet" },
        { "required": false, "id": "minecraft:golden_chestplate" },
        { "required": false, "id": "minecraft:golden_leggings" },
        { "required": false, "id": "minecraft:golden_boots" },
        { "required": false, "id": "minecraft:netherite_helmet" },
        { "required": false, "id": "minecraft:netherite_chestplate" },
        { "required": false, "id": "minecraft:netherite_leggings" },
        { "required": false, "id": "minecraft:netherite_boots" },
        { "required": false, "id": "minecraft:flint" },
        { "required": false, "id": "minecraft:porkchop" },
        { "required": false, "id": "minecraft:cooked_porkchop" },
        { "required": false, "id": "minecraft:painting" },
        { "required": false, "id": "minecraft:golden_apple" },
        { "required": false, "id": "minecraft:enchanted_golden_apple" },
        { "required": false, "id": "minecraft:oak_sign" },
        { "required": false, "id": "minecraft:spruce_sign" },
        { "required": false, "id": "minecraft:birch_sign" },
        { "required": false, "id": "minecraft:jungle_sign" },
        { "required": false, "id": "minecraft:acacia_sign" },
        { "required": false, "id": "minecraft:dark_oak_sign" },
        { "required": false, "id": "minecraft:mangrove_sign" },
        { "required": false, "id": "minecraft:crimson_sign" },
        { "required": false, "id": "minecraft:warped_sign" },
        { "required": false, "id": "minecraft:bucket" },
        { "required": false, "id": "minecraft:water_bucket" },
        { "required": false, "id": "minecraft:lava_bucket" },
        { "required": false, "id": "minecraft:powder_snow_bucket" },
        { "required": false, "id": "minecraft:snowball" },
        { "required": false, "id": "minecraft:leather" },
        { "required": false, "id": "minecraft:milk_bucket" },
        { "required": false, "id": "minecraft:pufferfish_bucket" },
        { "required": false, "id": "minecraft:salmon_bucket" },
        { "required": false, "id": "minecraft:cod_bucket" },
        { "required": false, "id": "minecraft:tropical_fish_bucket" },
        { "required": false, "id": "minecraft:axolotl_bucket" },
        { "required": false, "id": "minecraft:tadpole_bucket" },
        { "required": false, "id": "minecraft:brick" },
        { "required": false, "id": "minecraft:clay_ball" },
        { "required": false, "id": "minecraft:dried_kelp_block" },
        { "required": false, "id": "minecraft:paper" },
        { "required": false, "id": "minecraft:book" },
        { "required": false, "id": "minecraft:slime_ball" },
        { "required": false, "id": "minecraft:egg" },
        { "required": false, "id": "minecraft:compass" },
        { "required": false, "id": "minecraft:recovery_compass" },
        { "required": false, "id": "minecraft:bundle" },
        { "required": false, "id": "minecraft:fishing_rod" },
        { "required": false, "id": "minecraft:clock" },
        { "required": false, "id": "minecraft:spyglass" },
        { "required": false, "id": "minecraft:glowstone_dust" },
        { "required": false, "id": "minecraft:cod" },
        { "required": false, "id": "minecraft:salmon" },
        { "required": false, "id": "minecraft:tropical_fish" },
        { "required": false, "id": "minecraft:pufferfish" },
        { "required": false, "id": "minecraft:cooked_cod" },
        { "required": false, "id": "minecraft:cooked_salmon" },
        { "required": false, "id": "minecraft:ink_sac" },
        { "required": false, "id": "minecraft:glow_ink_sac" },
        { "required": false, "id": "minecraft:cocoa_beans" },
        { "required": false, "id": "minecraft:white_dye" },
        { "required": false, "id": "minecraft:orange_dye" },
        { "required": false, "id": "minecraft:magenta_dye" },
        { "required": false, "id": "minecraft:light_blue_dye" },
        { "required": false, "id": "minecraft:yellow_dye" },
        { "required": false, "id": "minecraft:lime_dye" },
        { "required": false, "id": "minecraft:pink_dye" },
        { "required": false, "id": "minecraft:gray_dye" },
        { "required": false, "id": "minecraft:light_gray_dye" },
        { "required": false, "id": "minecraft:cyan_dye" },
        { "required": false, "id": "minecraft:purple_dye" },
        { "required": false, "id": "minecraft:blue_dye" },
        { "required": false, "id": "minecraft:brown_dye" },
        { "required": false, "id": "minecraft:green_dye" },
        { "required": false, "id": "minecraft:red_dye" },
        { "required": false, "id": "minecraft:black_dye" },
        { "required": false, "id": "minecraft:bone_meal" },
        { "required": false, "id": "minecraft:bone" },
        { "required": false, "id": "minecraft:sugar" },
        { "required": false, "id": "minecraft:cake" },
        { "required": false, "id": "minecraft:white_bed" },
        { "required": false, "id": "minecraft:orange_bed" },
        { "required": false, "id": "minecraft:magenta_bed" },
        { "required": false, "id": "minecraft:light_blue_bed" },
        { "required": false, "id": "minecraft:yellow_bed" },
        { "required": false, "id": "minecraft:lime_bed" },
        { "required": false, "id": "minecraft:pink_bed" },
        { "required": false, "id": "minecraft:gray_bed" },
        { "required": false, "id": "minecraft:light_gray_bed" },
        { "required": false, "id": "minecraft:cyan_bed" },
        { "required": false, "id": "minecraft:purple_bed" },
        { "required": false, "id": "minecraft:blue_bed" },
        { "required": false, "id": "minecraft:brown_bed" },
        { "required": false, "id": "minecraft:green_bed" },
        { "required": false, "id": "minecraft:red_bed" },
        { "required": false, "id": "minecraft:black_bed" },
        { "required": false, "id": "minecraft:cookie" },
        { "required": false, "id": "minecraft:filled_map" },
        { "required": false, "id": "minecraft:shears" },
        { "required": false, "id": "minecraft:melon_slice" },
        { "required": false, "id": "minecraft:dried_kelp" },
        { "required": false, "id": "minecraft:pumpkin_seeds" },
        { "required": false, "id": "minecraft:melon_seeds" },
        { "required": false, "id": "minecraft:beef" },
        { "required": false, "id": "minecraft:cooked_beef" },
        { "required": false, "id": "minecraft:chicken" },
        { "required": false, "id": "minecraft:cooked_chicken" },
        { "required": false, "id": "minecraft:rotten_flesh" },
        { "required": false, "id": "minecraft:ender_pearl" },
        { "required": false, "id": "minecraft:blaze_rod" },
        { "required": false, "id": "minecraft:ghast_tear" },
        { "required": false, "id": "minecraft:gold_nugget" },
        { "required": false, "id": "minecraft:nether_wart" },
        { "required": false, "id": "minecraft:potion" },
        { "required": false, "id": "minecraft:glass_bottle" },
        { "required": false, "id": "minecraft:spider_eye" },
        { "required": false, "id": "minecraft:fermented_spider_eye" },
        { "required": false, "id": "minecraft:blaze_powder" },
        { "required": false, "id": "minecraft:magma_cream" },
        { "required": false, "id": "minecraft:brewing_stand" },
        { "required": false, "id": "minecraft:cauldron" },
        { "required": false, "id": "minecraft:ender_eye" },
        { "required": false, "id": "minecraft:glistering_melon_slice" },
        { "required": false, "id": "minecraft:allay_spawn_egg" },
        { "required": false, "id": "minecraft:axolotl_spawn_egg" },
        { "required": false, "id": "minecraft:bat_spawn_egg" },
        { "required": false, "id": "minecraft:bee_spawn_egg" },
        { "required": false, "id": "minecraft:blaze_spawn_egg" },
        { "required": false, "id": "minecraft:cat_spawn_egg" },
        { "required": false, "id": "minecraft:cave_spider_spawn_egg" },
        { "required": false, "id": "minecraft:chicken_spawn_egg" },
        { "required": false, "id": "minecraft:cod_spawn_egg" },
        { "required": false, "id": "minecraft:cow_spawn_egg" },
        { "required": false, "id": "minecraft:creeper_spawn_egg" },
        { "required": false, "id": "minecraft:dolphin_spawn_egg" },
        { "required": false, "id": "minecraft:donkey_spawn_egg" },
        { "required": false, "id": "minecraft:drowned_spawn_egg" },
        { "required": false, "id": "minecraft:elder_guardian_spawn_egg" },
        { "required": false, "id": "minecraft:enderman_spawn_egg" },
        { "required": false, "id": "minecraft:endermite_spawn_egg" },
        { "required": false, "id": "minecraft:evoker_spawn_egg" },
        { "required": false, "id": "minecraft:fox_spawn_egg" },
        { "required": false, "id": "minecraft:frog_spawn_egg" },
        { "required": false, "id": "minecraft:ghast_spawn_egg" },
        { "required": false, "id": "minecraft:glow_squid_spawn_egg" },
        { "required": false, "id": "minecraft:goat_spawn_egg" },
        { "required": false, "id": "minecraft:guardian_spawn_egg" },
        { "required": false, "id": "minecraft:hoglin_spawn_egg" },
        { "required": false, "id": "minecraft:horse_spawn_egg" },
        { "required": false, "id": "minecraft:husk_spawn_egg" },
        { "required": false, "id": "minecraft:llama_spawn_egg" },
        { "required": false, "id": "minecraft:magma_cube_spawn_egg" },
        { "required": false, "id": "minecraft:mooshroom_spawn_egg" },
        { "required": false, "id": "minecraft:mule_spawn_egg" },
        { "required": false, "id": "minecraft:ocelot_spawn_egg" },
        { "required": false, "id": "minecraft:panda_spawn_egg" },
        { "required": false, "id": "minecraft:parrot_spawn_egg" },
        { "required": false, "id": "minecraft:phantom_spawn_egg" },
        { "required": false, "id": "minecraft:pig_spawn_egg" },
        { "required": false, "id": "minecraft:piglin_spawn_egg" },
        { "required": false, "id": "minecraft:piglin_brute_spawn_egg" },
        { "required": false, "id": "minecraft:pillager_spawn_egg" },
        { "required": false, "id": "minecraft:polar_bear_spawn_egg" },
        { "required": false, "id": "minecraft:pufferfish_spawn_egg" },
        { "required": false, "id": "minecraft:rabbit_spawn_egg" },
        { "required": false, "id": "minecraft:ravager_spawn_egg" },
        { "required": false, "id": "minecraft:salmon_spawn_egg" },
        { "required": false, "id": "minecraft:sheep_spawn_egg" },
        { "required": false, "id": "minecraft:shulker_spawn_egg" },
        { "required": false, "id": "minecraft:silverfish_spawn_egg" },
        { "required": false, "id": "minecraft:skeleton_spawn_egg" },
        { "required": false, "id": "minecraft:skeleton_horse_spawn_egg" },
        { "required": false, "id": "minecraft:slime_spawn_egg" },
        { "required": false, "id": "minecraft:spider_spawn_egg" },
        { "required": false, "id": "minecraft:squid_spawn_egg" },
        { "required": false, "id": "minecraft:stray_spawn_egg" },
        { "required": false, "id": "minecraft:strider_spawn_egg" },
        { "required": false, "id": "minecraft:tadpole_spawn_egg" },
        { "required": false, "id": "minecraft:trader_llama_spawn_egg" },
        { "required": false, "id": "minecraft:tropical_fish_spawn_egg" },
        { "required": false, "id": "minecraft:turtle_spawn_egg" },
        { "required": false, "id": "minecraft:vex_spawn_egg" },
        { "required": false, "id": "minecraft:villager_spawn_egg" },
        { "required": false, "id": "minecraft:vindicator_spawn_egg" },
        { "required": false, "id": "minecraft:wandering_trader_spawn_egg" },
        { "required": false, "id": "minecraft:warden_spawn_egg" },
        { "required": false, "id": "minecraft:witch_spawn_egg" },
        { "required": false, "id": "minecraft:wither_skeleton_spawn_egg" },
        { "required": false, "id": "minecraft:wolf_spawn_egg" },
        { "required": false, "id": "minecraft:zoglin_spawn_egg" },
        { "required": false, "id": "minecraft:zombie_spawn_egg" },
        { "required": false, "id": "minecraft:zombie_horse_spawn_egg" },
        { "required": false, "id": "minecraft:zombie_villager_spawn_egg" },
        { "required": false, "id": "minecraft:zombified_piglin_spawn_egg" },
        { "required": false, "id": "minecraft:experience_bottle" },
        { "required": false, "id": "minecraft:fire_charge" },
        { "required": false, "id": "minecraft:writable_book" },
        { "required": false, "id": "minecraft:written_book" },
        { "required": false, "id": "minecraft:item_frame" },
        { "required": false, "id": "minecraft:glow_item_frame" },
        { "required": false, "id": "minecraft:flower_pot" },
        { "required": false, "id": "minecraft:carrot" },
        { "required": false, "id": "minecraft:potato" },
        { "required": false, "id": "minecraft:baked_potato" },
        { "required": false, "id": "minecraft:poisonous_potato" },
        { "required": false, "id": "minecraft:map" },
        { "required": false, "id": "minecraft:golden_carrot" },
        { "required": false, "id": "minecraft:skeleton_skull" },
        { "required": false, "id": "minecraft:wither_skeleton_skull" },
        { "required": false, "id": "minecraft:player_head" },
        { "required": false, "id": "minecraft:zombie_head" },
        { "required": false, "id": "minecraft:creeper_head" },
        { "required": false, "id": "minecraft:dragon_head" },
        { "required": false, "id": "minecraft:nether_star" },
        { "required": false, "id": "minecraft:pumpkin_pie" },
        { "required": false, "id": "minecraft:firework_rocket" },
        { "required": false, "id": "minecraft:firework_star" },
        { "required": false, "id": "minecraft:enchanted_book" },
        { "required": false, "id": "minecraft:nether_brick" },
        { "required": false, "id": "minecraft:prismarine_shard" },
        { "required": false, "id": "minecraft:prismarine_crystals" },
        { "required": false, "id": "minecraft:rabbit" },
        { "required": false, "id": "minecraft:cooked_rabbit" },
        { "required": false, "id": "minecraft:rabbit_stew" },
        { "required": false, "id": "minecraft:rabbit_foot" },
        { "required": false, "id": "minecraft:rabbit_hide" },
        { "required": false, "id": "minecraft:armor_stand" },
        { "required": false, "id": "minecraft:iron_horse_armor" },
        { "required": false, "id": "minecraft:golden_horse_armor" },
        { "required": false, "id": "minecraft:diamond_horse_armor" },
        { "required": false, "id": "minecraft:leather_horse_armor" },
        { "required": false, "id": "minecraft:lead" },
        { "required": false, "id": "minecraft:name_tag" },
        { "required": false, "id": "minecraft:command_block_minecart" },
        { "required": false, "id": "minecraft:mutton" },
        { "required": false, "id": "minecraft:cooked_mutton" },
        { "required": false, "id": "minecraft:white_banner" },
        { "required": false, "id": "minecraft:orange_banner" },
        { "required": false, "id": "minecraft:magenta_banner" },
        { "required": false, "id": "minecraft:light_blue_banner" },
        { "required": false, "id": "minecraft:yellow_banner" },
        { "required": false, "id": "minecraft:lime_banner" },
        { "required": false, "id": "minecraft:pink_banner" },
        { "required": false, "id": "minecraft:gray_banner" },
        { "required": false, "id": "minecraft:light_gray_banner" },
        { "required": false, "id": "minecraft:cyan_banner" },
        { "required": false, "id": "minecraft:purple_banner" },
        { "required": false, "id": "minecraft:blue_banner" },
        { "required": false, "id": "minecraft:brown_banner" },
        { "required": false, "id": "minecraft:green_banner" },
        { "required": false, "id": "minecraft:red_banner" },
        { "required": false, "id": "minecraft:black_banner" },
        { "required": false, "id": "minecraft:end_crystal" },
        { "required": false, "id": "minecraft:chorus_fruit" },
        { "required": false, "id": "minecraft:popped_chorus_fruit" },
        { "required": false, "id": "minecraft:beetroot" },
        { "required": false, "id": "minecraft:beetroot_seeds" },
        { "required": false, "id": "minecraft:beetroot_soup" },
        { "required": false, "id": "minecraft:dragon_breath" },
        { "required": false, "id": "minecraft:splash_potion" },
        { "required": false, "id": "minecraft:spectral_arrow" },
        { "required": false, "id": "minecraft:tipped_arrow" },
        { "required": false, "id": "minecraft:lingering_potion" },
        { "required": false, "id": "minecraft:shield" },
        { "required": false, "id": "minecraft:totem_of_undying" },
        { "required": false, "id": "minecraft:shulker_shell" },
        { "required": false, "id": "minecraft:iron_nugget" },
        { "required": false, "id": "minecraft:knowledge_book" },
        { "required": false, "id": "minecraft:debug_stick" },
        { "required": false, "id": "minecraft:music_disc_13" },
        { "required": false, "id": "minecraft:music_disc_cat" },
        { "required": false, "id": "minecraft:music_disc_blocks" },
        { "required": false, "id": "minecraft:music_disc_chirp" },
        { "required": false, "id": "minecraft:music_disc_far" },
        { "required": false, "id": "minecraft:music_disc_mall" },
        { "required": false, "id": "minecraft:music_disc_mellohi" },
        { "required": false, "id": "minecraft:music_disc_stal" },
        { "required": false, "id": "minecraft:music_disc_strad" },
        { "required": false, "id": "minecraft:music_disc_ward" },
        { "required": false, "id": "minecraft:music_disc_11" },
        { "required": false, "id": "minecraft:music_disc_wait" },
        { "required": false, "id": "minecraft:music_disc_otherside" },
        { "required": false, "id": "minecraft:music_disc_5" },
        { "required": false, "id": "minecraft:music_disc_pigstep" },
        { "required": false, "id": "minecraft:disc_fragment_5" },
        { "required": false, "id": "minecraft:trident" },
        { "required": false, "id": "minecraft:phantom_membrane" },
        { "required": false, "id": "minecraft:nautilus_shell" },
        { "required": false, "id": "minecraft:heart_of_the_sea" },
        { "required": false, "id": "minecraft:crossbow" },
        { "required": false, "id": "minecraft:suspicious_stew" },
        { "required": false, "id": "minecraft:loom" },
        { "required": false, "id": "minecraft:flower_banner_pattern" },
        { "required": false, "id": "minecraft:creeper_banner_pattern" },
        { "required": false, "id": "minecraft:skull_banner_pattern" },
        { "required": false, "id": "minecraft:mojang_banner_pattern" },
        { "required": false, "id": "minecraft:globe_banner_pattern" },
        { "required": false, "id": "minecraft:piglin_banner_pattern" },
        { "required": false, "id": "minecraft:goat_horn" },
        { "required": false, "id": "minecraft:composter" },
        { "required": false, "id": "minecraft:barrel" },
        { "required": false, "id": "minecraft:smoker" },
        { "required": false, "id": "minecraft:blast_furnace" },
        { "required": false, "id": "minecraft:cartography_table" },
        { "required": false, "id": "minecraft:fletching_table" },
        { "required": false, "id": "minecraft:grindstone" },
        { "required": false, "id": "minecraft:smithing_table" },
        { "required": false, "id": "minecraft:stonecutter" },
        { "required": false, "id": "minecraft:bell" },
        { "required": false, "id": "minecraft:lantern" },
        { "required": false, "id": "minecraft:soul_lantern" },
        { "required": false, "id": "minecraft:sweet_berries" },
        { "required": false, "id": "minecraft:glow_berries" },
        { "required": false, "id": "minecraft:campfire" },
        { "required": false, "id": "minecraft:soul_campfire" },
        { "required": false, "id": "minecraft:shroomlight" },
        { "required": false, "id": "minecraft:honeycomb" },
        { "required": false, "id": "minecraft:bee_nest" },
        { "required": false, "id": "minecraft:beehive" },
        { "required": false, "id": "minecraft:honey_bottle" },
        { "required": false, "id": "minecraft:honeycomb_block" },
        { "required": false, "id": "minecraft:lodestone" },
        { "required": false, "id": "minecraft:crying_obsidian" },
        { "required": false, "id": "minecraft:blackstone" },
        { "required": false, "id": "minecraft:blackstone_slab" },
        { "required": false, "id": "minecraft:blackstone_stairs" },
        { "required": false, "id": "minecraft:gilded_blackstone" },
        { "required": false, "id": "minecraft:polished_blackstone" },
        { "required": false, "id": "minecraft:polished_blackstone_slab" },
        { "required": false, "id": "minecraft:polished_blackstone_stairs" },
        { "required": false, "id": "minecraft:chiseled_polished_blackstone" },
        { "required": false, "id": "minecraft:polished_blackstone_bricks" },
        { "required": false, "id": "minecraft:polished_blackstone_brick_slab" },
        { "required": false, "id": "minecraft:polished_blackstone_brick_stairs" },
        { "required": false, "id": "minecraft:cracked_polished_blackstone_bricks" },
        { "required": false, "id": "minecraft:respawn_anchor" },
        { "required": false, "id": "minecraft:candle" },
        { "required": false, "id": "minecraft:white_candle" },
        { "required": false, "id": "minecraft:orange_candle" },
        { "required": false, "id": "minecraft:magenta_candle" },
        { "required": false, "id": "minecraft:light_blue_candle" },
        { "required": false, "id": "minecraft:yellow_candle" },
        { "required": false, "id": "minecraft:lime_candle" },
        { "required": false, "id": "minecraft:pink_candle" },
        { "required": false, "id": "minecraft:gray_candle" },
        { "required": false, "id": "minecraft:light_gray_candle" },
        { "required": false, "id": "minecraft:cyan_candle" },
        { "required": false, "id": "minecraft:purple_candle" },
        { "required": false, "id": "minecraft:blue_candle" },
        { "required": false, "id": "minecraft:brown_candle" },
        { "required": false, "id": "minecraft:green_candle" },
        { "required": false, "id": "minecraft:red_candle" },
        { "required": false, "id": "minecraft:black_candle" },
        { "required": false, "id": "minecraft:small_amethyst_bud" },
        { "required": false, "id": "minecraft:medium_amethyst_bud" },
        { "required": false, "id": "minecraft:large_amethyst_bud" },
        { "required": false, "id": "minecraft:amethyst_cluster" },
        { "required": false, "id": "minecraft:pointed_dripstone" },
        { "required": false, "id": "minecraft:ochre_froglight" },
        { "required": false, "id": "minecraft:verdant_froglight" },
        { "required": false, "id": "minecraft:pearlescent_froglight" },
        { "required": false, "id": "minecraft:frogspawn" },
        { "required": false, "id": "minecraft:echo_shard" }
    ]
}
