{
	"textures": {
		"0": "item/arrow_pointer",
		"particle": "item/arrow_pointer"
	},
	"elements": [
		{
			"from": [0, 0, 0],
			"to": [16, 0, 16],
			"faces": {
				"north": {"uv": [0, 0, 0, 16], "rotation": 90, "texture": "#missing"},
				"east": {"uv": [0, 0, 0, 16], "rotation": 270, "texture": "#missing"},
				"south": {"uv": [0, 0, 0, 16], "rotation": 270, "texture": "#missing"},
				"west": {"uv": [0, 0, 0, 16], "rotation": 270, "texture": "#missing"},
				"up": {"uv": [0, 0, 16, 16], "rotation": 270, "texture": "#0"},
				"down": {"uv": [16, 0, 0, 16], "rotation": 270, "texture": "#0"}
			}
		}
	],
	"display": {
		"head": {
			"translation": [0, -20, -60]
		}
	}
}