{
	"textures": {
		"banana": "item/banana",
		"particle": "item/banana"
	},
	"elements": [ 	 
		{
			"__comment": "Box1",
			"from": [ 1, 0, 6 ],
			"to": [ 7, 3, 9 ],
			"faces": {
				"down": { "uv": [ 0, 11.5, 3, 13 ], "texture": "#banana", "cullface": "down" },
				"up": { "uv": [ 3, 11.5, 6, 13 ], "texture": "#banana" },
				"north": { "uv": [ 0, 10, 3, 11.5 ], "texture": "#banana" },
				"south": { "uv": [ 3, 10, 6, 11.5 ], "texture": "#banana" },
				"west": { "uv": [ 6, 11.5, 7.5, 13 ], "texture": "#banana" },
				"east": { "uv": [ 6, 10, 7.5, 11.5 ], "texture": "#banana" }
			}
		},
		{
			"__comment": "Box1",
			"from": [ 0, 1, 7 ],
			"to": [ 1, 2, 8 ],
			"faces": {
				"down": { "uv": [ 7.5, 12.5, 8, 13 ], "texture": "#banana" },
				"up": { "uv": [ 7.5, 12, 8, 12.5 ], "texture": "#banana" },
				"north": { "uv": [ 7.5, 11.5, 8, 12 ], "texture": "#banana" },
				"south": { "uv": [ 7.5, 11, 8, 11.5 ], "texture": "#banana" },
				"west": { "uv": [ 7.5, 10.5, 8, 11 ], "texture": "#banana", "cullface": "west" }
			}
		},
		{
			"__comment": "Box1",
			"from": [ 7, 0, 5.999 ],
			"to": [ 15, 3.5, 8.999001 ],
			"rotation": { "origin": [ 7, 0, 6 ], "axis": "z", "angle": 45 },
			"faces": {
				"down": { "uv": [ 0, 14.5, 4, 16 ], "texture": "#banana" },
				"up": { "uv": [ 4, 14.5, 8, 16 ], "texture": "#banana" },
				"north": { "uv": [ 0, 13, 4, 14.5 ], "texture": "#banana" },
				"south": { "uv": [ 4, 13, 8, 14.5 ], "texture": "#banana" }
			}
		},
		{
			"__comment": "Box5",
			"from": [ 9.657, 5.66, 6 ],
			"to": [ 12.657, 11.16, 9 ],
			"faces": {
				"down": { "uv": [ 6, 8.5, 7.5, 10 ], "texture": "#banana" },
				"up": { "uv": [ 0, 1, 1.5, 2.5 ], "texture": "#banana", "rotation": 270 },
				"north": { "uv": [ 0, 8.5, 3, 10 ], "texture": "#banana", "rotation": 270 },
				"south": { "uv": [ 3, 8.5, 6, 10 ], "texture": "#banana", "rotation": 270 },
				"west": { "uv": [ 0, 5.5, 1.5, 8.5 ], "texture": "#banana" },
				"east": { "uv": [ 0, 2.5, 1.5, 5.5 ], "texture": "#banana" }
			}
		},
		{
			"__comment": "Box1",
			"from": [ 10.66, 11.15, 7 ],
			"to": [ 11.66, 12.15, 8 ],
			"faces": {
				"up": { "uv": [ 7.5, 10, 8, 10.5 ], "texture": "#banana" },
				"north": { "uv": [ 7.5, 9.5, 8, 10 ], "texture": "#banana" },
				"south": { "uv": [ 7.5, 9, 8, 9.5 ], "texture": "#banana" },
				"west": { "uv": [ 7.5, 8.5, 8, 9 ], "texture": "#banana" },
				"east": { "uv": [ 0, 0.5, 0.5, 1 ], "texture": "#banana" }
			}
		}
	],
	"display": {
		"thirdperson_righthand": {
			"rotation":  [ -17, 90, -55 ],
			"translation":  [ 0, 1.2173, -1.586 ],
			"scale":  [ 0.6, 0.6, 0.6 ]
		},
		"thirdperson_lefthand": {
			"rotation":  [ -17, 90, -55 ],
			"translation":  [ 0, 1.2173, -1.586 ],
			"scale":  [ 0.6, 0.6, 0.6 ]
		},
		"firstperson_righthand": {
			"rotation":  [ 5, -72, 21 ],
			"translation":  [ 1.13, 5.2869, -0.261 ],
			"scale":  [ 0.68, 0.68, 0.68 ]
		},
		"firstperson_lefthand": {
			"rotation":  [ -22, -58, 80 ],
			"translation":  [ 3.2175, 1.8086, -4.434 ],
			"scale":  [ 0.68, 0.68, 0.68 ]
		},
		"gui": {
			"rotation":  [ 30, 37, 17 ],
			"scale":  [ 0.625, 0.625, 0.625 ]
		},
		"ground": {
			"translation":  [ 0, 9.0434, 0 ]
		},
		"fixed": {
			"translation":  [ 0.6956, 2.0869, 0.6956 ]
		}
	}
}