{
    "parent": "minecraft:item/generated",
    "textures": {
        "layer0": "minecraft:item/string"
    },
    "overrides": [
        {
            "predicate": {
                "custom_model_data": 1000
            },
            "model": "item/forks/coral_handle"
        },
        {
            "predicate": {
                "custom_model_data": 1001
            },
            "model": "item/forks/desert_handle"
        },
        {
            "predicate": {
                "custom_model_data": 1002
            },
            "model": "item/forks/ice_handle"
        },
        {
            "predicate": {
                "custom_model_data": 1003
            },
            "model": "item/forks/jungle_handle"
        },
        {
            "predicate": {
                "custom_model_data": 1004
            },
            "model": "item/forks/lush_handle"
        },
        {
            "predicate": {
                "custom_model_data": 1005
            },
            "model": "item/forks/mountain_handle"
        },
        {
            "predicate": {
                "custom_model_data": 1006
            },
            "model": "item/forks/mushroom_handle"
        },
        {
            "predicate": {
                "custom_model_data": 1007
            },
            "model": "item/forks/plains_handle"
        },
        {
            "predicate": {
                "custom_model_data": 1008
            },
            "model": "item/forks/tiaga_handle"
        }
    ]
}