{
	"credit": "Made with Blockbench",
	"texture_size": [64, 64],
	"textures": {
		"0": "item/mushroom_cannon",
		"particle": "item/mushroom_cannon"
	},
	"elements": [
		{
			"from": [2, 0, 2],
			"to": [14, 16, 14],
			"faces": {
				"north": {"uv": [0, 0, 3, 4], "texture": "#0"},
				"east": {"uv": [3, 0, 6, 4], "texture": "#0"},
				"south": {"uv": [0, 4, 3, 8], "texture": "#0"},
				"west": {"uv": [3, 4, 6, 8], "texture": "#0"},
				"up": {"uv": [9, 3, 6, 0], "texture": "#0"},
				"down": {"uv": [9, 3, 6, 6], "texture": "#0"}
			}
		},
		{
			"from": [2, 29, 2],
			"to": [14, 31, 14],
			"faces": {
				"north": {"uv": [9, 8.5, 12, 9], "texture": "#0"},
				"east": {"uv": [9, 9, 12, 9.5], "texture": "#0"},
				"south": {"uv": [9, 9.5, 12, 10], "texture": "#0"},
				"west": {"uv": [9, 10, 12, 10.5], "texture": "#0"},
				"up": {"uv": [9, 9, 6, 6], "texture": "#0"},
				"down": {"uv": [3, 8, 0, 11], "texture": "#0"}
			}
		},
		{
			"from": [4, 16, 4],
			"to": [12, 29, 12],
			"faces": {
				"north": {"uv": [3, 8, 5, 11.25], "texture": "#0"},
				"east": {"uv": [9, 0, 11, 3.25], "texture": "#0"},
				"south": {"uv": [9, 3.25, 11, 6.5], "texture": "#0"},
				"west": {"uv": [5, 9, 7, 12.25], "texture": "#0"},
				"up": {"uv": [11, 8.5, 9, 6.5], "texture": "#0"},
				"down": {"uv": [9, 9, 7, 11], "texture": "#0"}
			}
		}
	],
	"display": {
		"thirdperson_righthand": {
			"rotation": [-90, 0, 0],
			"translation": [0.75, -1.25, 6.25],
			"scale": [0.75, 0.75, 0.75]
		},
		"thirdperson_lefthand": {
			"rotation": [-90, 0, 0],
			"translation": [0.75, -1.25, 6.25],
			"scale": [0.75, 0.75, 0.75]
		},
		"firstperson_righthand": {
			"rotation": [-85, 0, 0],
			"translation": [-17.75, 2.25, 5.25],
			"scale": [0.5, 0.2, 0.5]
		},
		"firstperson_lefthand": {
			"rotation": [-85, 0, 0],
			"translation": [3.75, 0, 1.25],
			"scale": [0.5, 0.2, 0.5]
		},
		"ground": {
			"rotation": [0, -37, -86],
			"translation": [-2.75, 1.75, 0],
			"scale": [0.75, 0.75, 0.75]
		},
		"gui": {
			"rotation": [0, -37, -110],
			"translation": [-2.75, 0.75, 0],
			"scale": [0.75, 0.75, 0.75]
		},
		"fixed": {
			"rotation": [19, 0, 113],
			"translation": [5.25, 1.5, 0],
			"scale": [0.75, 0.75, 0.75]
		}
	}
}