{
    "parent": "minecraft:item/handheld_rod",
    "textures": {
        "layer0": "minecraft:item/warped_fungus_on_a_stick"
    },
    "overrides": [
        {
            "predicate": {
                "custom_model_data": 1000
            },
            "model": "item/forks/coral_fork"
        },
        {
            "predicate": {
                "custom_model_data": 1001
            },
            "model": "item/forks/desert_fork"
        },
        {
            "predicate": {
                "custom_model_data": 1002
            },
            "model": "item/forks/ice_fork"
        },
        {
            "predicate": {
                "custom_model_data": 1003
            },
            "model": "item/forks/jungle_fork"
        },
        {
            "predicate": {
                "custom_model_data": 1004
            },
            "model": "item/forks/lush_fork"
        },
        {
            "predicate": {
                "custom_model_data": 1005
            },
            "model": "item/forks/mountain_fork"
        },
        {
            "predicate": {
                "custom_model_data": 1006
            },
            "model": "item/forks/mushroom_fork"
        },
        {
            "predicate": {
                "custom_model_data": 1007
            },
            "model": "item/forks/plains_fork"
        },
        {
            "predicate": {
                "custom_model_data": 1008
            },
            "model": "item/forks/tiaga_fork"
        }
    ]
}