{
	"values": [
		{ "required": false, "id": "minecraft:bedrock" },
		{ "required": false, "id": "minecraft:stone" },
		{ "required": false, "id": "minecraft:deepslate" },
		{ "required": false, "id": "minecraft:granite" },
		{ "required": false, "id": "minecraft:diorite" },
		{ "required": false, "id": "minecraft:andesite" },
		{ "required": false, "id": "minecraft:tuff" },
		{ "required": false, "id": "minecraft:calcite" },
		{ "required": false, "id": "minecraft:dripstone_block" },
		{ "required": false, "id": "minecraft:smooth_basalt" },
		{ "required": false, "id": "minecraft:coal_ore" },
		{ "required": false, "id": "minecraft:deepslate_coal_ore" },
		{ "required": false, "id": "minecraft:iron_ore" },
		{ "required": false, "id": "minecraft:deepslate_iron_ore" },
		{ "required": false, "id": "minecraft:copper_ore" },
		{ "required": false, "id": "minecraft:deepslate_copper_ore" },
		{ "required": false, "id": "minecraft:gold_ore" },
		{ "required": false, "id": "minecraft:deepslate_gold_ore" },
		{ "required": false, "id": "minecraft:redstone_ore" },
		{ "required": false, "id": "minecraft:deepslate_redstone_ore" },
		{ "required": false, "id": "minecraft:emerald_ore" },
		{ "required": false, "id": "minecraft:deepslate_emerald_ore" },
		{ "required": false, "id": "minecraft:lapis_lazuli_ore" },
		{ "required": false, "id": "minecraft:deepslate_lapis_lazuli_ore" },
		{ "required": false, "id": "minecraft:diamond_ore" },
		{ "required": false, "id": "minecraft:deepslate_diamond_ore" },
		{ "required": false, "id": "minecraft:block_of_raw_iron" },
		{ "required": false, "id": "minecraft:block_of_raw_copper" },
		{ "required": false, "id": "minecraft:block_of_amethyst" },
		{ "required": false, "id": "minecraft:budding_amethyst" },
		{ "required": false, "id": "minecraft:small_amethyst_bud" },
		{ "required": false, "id": "minecraft:medium_amethyst_bud" },
		{ "required": false, "id": "minecraft:large_amethyst_bud" },
		{ "required": false, "id": "minecraft:amethyst_cluster" },
		{ "required": false, "id": "minecraft:grass_block" },
		{ "required": false, "id": "minecraft:mycelium" },
		{ "required": false, "id": "minecraft:podzol" },
		{ "required": false, "id": "minecraft:dirt" },
		{ "required": false, "id": "minecraft:coarse_dirt" },
		{ "required": false, "id": "minecraft:rooted_dirt" },
		{ "required": false, "id": "minecraft:moss_block" },
		{ "required": false, "id": "minecraft:mud" },
		{ "required": false, "id": "minecraft:sand" },
		{ "required": false, "id": "minecraft:red_sand" },
		{ "required": false, "id": "minecraft:gravel" },
		{ "required": false, "id": "minecraft:oak_log" },
		{ "required": false, "id": "minecraft:spruce_log" },
		{ "required": false, "id": "minecraft:birch_log" },
		{ "required": false, "id": "minecraft:jungle_log" },
		{ "required": false, "id": "minecraft:acacia_log" },
		{ "required": false, "id": "minecraft:dark_oak_log" },
		{ "required": false, "id": "minecraft:mangrove_log" },
		{ "required": false, "id": "minecraft:oak_leaves" },
		{ "required": false, "id": "minecraft:spruce_leaves" },
		{ "required": false, "id": "minecraft:birch_leaves" },
		{ "required": false, "id": "minecraft:jungle_leaves" },
		{ "required": false, "id": "minecraft:acacia_leaves" },
		{ "required": false, "id": "minecraft:dark_oak_leaves" },
		{ "required": false, "id": "minecraft:azalea_leaves" },
		{ "required": false, "id": "minecraft:flowering_azalea_leaves" },
		{ "required": false, "id": "minecraft:mangrove_leaves" },
		{ "required": false, "id": "minecraft:mangrove_roots" },
		{ "required": false, "id": "minecraft:muddy_mangrove_roots" },
		{ "required": false, "id": "minecraft:sandstone" },
		{ "required": false, "id": "minecraft:red_sandstone" },
		{ "required": false, "id": "minecraft:grass" },
		{ "required": false, "id": "minecraft:tall_grass" },
		{ "required": false, "id": "minecraft:fern" },
		{ "required": false, "id": "minecraft:large_fern" },
		{ "required": false, "id": "minecraft:dead_bush" },
		{ "required": false, "id": "minecraft:dandelion" },
		{ "required": false, "id": "minecraft:poppy" },
		{ "required": false, "id": "minecraft:blue_orchid" },
		{ "required": false, "id": "minecraft:allium" },
		{ "required": false, "id": "minecraft:azure_bluet" },
		{ "required": false, "id": "minecraft:red_tulip" },
		{ "required": false, "id": "minecraft:orange_tulip" },
		{ "required": false, "id": "minecraft:white_tulip" },
		{ "required": false, "id": "minecraft:pink_tulip" },
		{ "required": false, "id": "minecraft:oxeye_daisy" },
		{ "required": false, "id": "minecraft:cornflower" },
		{ "required": false, "id": "minecraft:lily_of_the_valley" },
		{ "required": false, "id": "minecraft:sunflower" },
		{ "required": false, "id": "minecraft:lilac" },
		{ "required": false, "id": "minecraft:rose_bush" },
		{ "required": false, "id": "minecraft:peony" },
		{ "required": false, "id": "minecraft:bone_block" },
		{ "required": false, "id": "minecraft:snow" },
		{ "required": false, "id": "minecraft:snow_block" },
		{ "required": false, "id": "minecraft:powder_snow" },
		{ "required": false, "id": "minecraft:ice" },
		{ "required": false, "id": "minecraft:packed_ice" },
		{ "required": false, "id": "minecraft:blue_ice" },
		{ "required": false, "id": "minecraft:cactus" },
		{ "required": false, "id": "minecraft:clay" },
		{ "required": false, "id": "minecraft:sugar_cane" },
		{ "required": false, "id": "minecraft:pumpkin" },
		{ "required": false, "id": "minecraft:infested_stone" },
		{ "required": false, "id": "minecraft:infested_deepslate" },
		{ "required": false, "id": "minecraft:melon" },
		{ "required": false, "id": "minecraft:vines" },
		{ "required": false, "id": "minecraft:lily_pad" },
		{ "required": false, "id": "minecraft:cocoa_beans" },
		{ "required": false, "id": "minecraft:bamboo" },
		{ "required": false, "id": "minecraft:sweet_berry_bush" },
		{ "required": false, "id": "minecraft:terracotta" },
		{ "required": false, "id": "minecraft:red_terracotta" },
		{ "required": false, "id": "minecraft:orange_terracotta" },
		{ "required": false, "id": "minecraft:yellow_terracotta" },
		{ "required": false, "id": "minecraft:brown_terracotta" },
		{ "required": false, "id": "minecraft:white_terracotta" },
		{ "required": false, "id": "minecraft:light_gray_terracotta" },
		{ "required": false, "id": "minecraft:magma_block" },
		{ "required": false, "id": "minecraft:kelp" },
		{ "required": false, "id": "minecraft:kelp_plant" },
		{ "required": false, "id": "minecraft:seagrass" },
		{ "required": false, "id": "minecraft:tall_seagrass" },
		{ "required": false, "id": "minecraft:sea_pickle" },
		{ "required": false, "id": "minecraft:bubble_column" },
		{ "required": false, "id": "minecraft:tube_coral" },
		{ "required": false, "id": "minecraft:tube_coral_fan" },
		{ "required": false, "id": "minecraft:tube_coral_wall_fan" },
		{ "required": false, "id": "minecraft:tube_coral_block" },
		{ "required": false, "id": "minecraft:dead_tube_coral" },
		{ "required": false, "id": "minecraft:dead_tube_coral_fan" },
		{ "required": false, "id": "minecraft:dead_tube_coral_wall_fan" },
		{ "required": false, "id": "minecraft:dead_tube_coral_block" },
		{ "required": false, "id": "minecraft:brain_coral" },
		{ "required": false, "id": "minecraft:brain_coral_fan" },
		{ "required": false, "id": "minecraft:brain_coral_wall_fan" },
		{ "required": false, "id": "minecraft:brain_coral_block" },
		{ "required": false, "id": "minecraft:dead_brain_coral" },
		{ "required": false, "id": "minecraft:dead_brain_coral_fan" },
		{ "required": false, "id": "minecraft:dead_brain_coral_wall_fan" },
		{ "required": false, "id": "minecraft:dead_brain_coral_block" },
		{ "required": false, "id": "minecraft:bubble_coral" },
		{ "required": false, "id": "minecraft:bubble_coral_fan" },
		{ "required": false, "id": "minecraft:bubble_coral_wall_fan" },
		{ "required": false, "id": "minecraft:bubble_coral_block" },
		{ "required": false, "id": "minecraft:dead_bubble_coral" },
		{ "required": false, "id": "minecraft:dead_bubble_coral_fan" },
		{ "required": false, "id": "minecraft:dead_bubble_coral_wall_fan" },
		{ "required": false, "id": "minecraft:dead_bubble_coral_block" },
		{ "required": false, "id": "minecraft:fire_coral" },
		{ "required": false, "id": "minecraft:fire_coral_fan" },
		{ "required": false, "id": "minecraft:fire_coral_wall_fan" },
		{ "required": false, "id": "minecraft:fire_coral_block" },
		{ "required": false, "id": "minecraft:dead_fire_coral" },
		{ "required": false, "id": "minecraft:dead_fire_coral_fan" },
		{ "required": false, "id": "minecraft:dead_fire_coral_wall_fan" },
		{ "required": false, "id": "minecraft:dead_fire_coral_block" },
		{ "required": false, "id": "minecraft:horn_coral" },
		{ "required": false, "id": "minecraft:horn_coral_fan" },
		{ "required": false, "id": "minecraft:horn_coral_wall_fan" },
		{ "required": false, "id": "minecraft:horn_coral_block" },
		{ "required": false, "id": "minecraft:dead_horn_coral" },
		{ "required": false, "id": "minecraft:dead_horn_coral_fan" },
		{ "required": false, "id": "minecraft:dead_horn_coral_wall_fan" },
		{ "required": false, "id": "minecraft:dead_horn_coral_block" },
		{ "required": false, "id": "minecraft:bee_nest" },
		{ "required": false, "id": "minecraft:glow_lichen" },
		{ "required": false, "id": "minecraft:pointed_dripstone" },
		{ "required": false, "id": "minecraft:cave_vines" },
		{ "required": false, "id": "minecraft:cave_vines_plant" },
		{ "required": false, "id": "minecraft:moss_carpet" },
		{ "required": false, "id": "minecraft:azalea" },
		{ "required": false, "id": "minecraft:flowering_azalea" },
		{ "required": false, "id": "minecraft:small_dripleaf" },
		{ "required": false, "id": "minecraft:big_dripleaf" },
		{ "required": false, "id": "minecraft:big_dripleaf_stem" },
		{ "required": false, "id": "minecraft:hanging_roots" },
		{ "required": false, "id": "minecraft:sculk" },
		{ "required": false, "id": "minecraft:sculk_sensor" },
		{ "required": false, "id": "minecraft:sculk_catalyst" },
		{ "required": false, "id": "minecraft:sculk_shrieker" },
		{ "required": false, "id": "minecraft:sculk_vein" },
		{ "required": false, "id": "minecraft:mangrove_propagule" },
		{ "required": false, "id": "minecraft:small_amethyst_bud" },
		{ "required": false, "id": "minecraft:medium_amethyst_bud" },
		{ "required": false, "id": "minecraft:large_amethyst_bud" },
		{ "required": false, "id": "minecraft:amethyst_cluster" },
		{ "required": false, "id": "minecraft:stone" },
		{ "required": false, "id": "minecraft:grass_block" },
		{ "required": false, "id": "minecraft:dirt" },
		{ "required": false, "id": "minecraft:podzol" },
		{ "required": false, "id": "minecraft:cobblestone" },
		{ "required": false, "id": "minecraft:water" },
		{ "required": false, "id": "minecraft:kelp" },
		{ "required": false, "id": "minecraft:kelp_plant" },
		{ "required": false, "id": "minecraft:cave_vines" },
		{ "required": false, "id": "minecraft:cave_vines_plant" },
		{ "required": false, "id": "minecraft:pointed_dripstone" },
		{ "required": false, "id": "minecraft:obsidian" },
		{ "required": false, "id": "minecraft:fire" },
		{ "required": false, "id": "minecraft:snow" },
		{ "required": false, "id": "minecraft:ice" },
		{ "required": false, "id": "minecraft:cactus" },
		{ "required": false, "id": "minecraft:sugar_cane" },
		{ "required": false, "id": "minecraft:vines" },
		{ "required": false, "id": "minecraft:mycelium" },
		{ "required": false, "id": "minecraft:stone" },
		{ "required": false, "id": "minecraft:granite" },
		{ "required": false, "id": "minecraft:polished_granite" },
		{ "required": false, "id": "minecraft:diorite" },
		{ "required": false, "id": "minecraft:polished_diorite" },
		{ "required": false, "id": "minecraft:polished_andesite" },
		{ "required": false, "id": "minecraft:grass_block" },
		{ "required": false, "id": "minecraft:dirt" },
		{ "required": false, "id": "minecraft:coarse_dirt" },
		{ "required": false, "id": "minecraft:cobblestone" },
		{ "required": false, "id": "minecraft:mossy_cobblestone" },
		{ "required": false, "id": "minecraft:netherrack" },
		{ "required": false, "id": "minecraft:soul_sand" },
		{ "required": false, "id": "minecraft:soul_fire" },
		{ "required": false, "id": "minecraft:water" },
		{ "required": false, "id": "minecraft:lava" },
		{ "required": false, "id": "minecraft:oak_log" },
		{ "required": false, "id": "minecraft:spruce_log" },
		{ "required": false, "id": "minecraft:jungle_log" },
		{ "required": false, "id": "minecraft:acacia_log" },
		{ "required": false, "id": "minecraft:dark_oak_log" },
		{ "required": false, "id": "minecraft:oak_wood" },
		{ "required": false, "id": "minecraft:spruce_wood" },
		{ "required": false, "id": "minecraft:acacia_wood" },
		{ "required": false, "id": "minecraft:stripped_oak_log" },
		{ "required": false, "id": "minecraft:stripped_spruce_log" },
		{ "required": false, "id": "minecraft:stripped_jungle_log" },
		{ "required": false, "id": "minecraft:stripped_acacia_log" },
		{ "required": false, "id": "minecraft:stripped_dark_oak_log" },
		{ "required": false, "id": "minecraft:stripped_oak_wood" },
		{ "required": false, "id": "minecraft:stripped_spruce_wood" },
		{ "required": false, "id": "minecraft:oak_planks" },
		{ "required": false, "id": "minecraft:spruce_planks" },
		{ "required": false, "id": "minecraft:birch_planks" },
		{ "required": false, "id": "minecraft:jungle_planks" },
		{ "required": false, "id": "minecraft:acacia_planks" },
		{ "required": false, "id": "minecraft:dark_oak_planks" },
		{ "required": false, "id": "minecraft:acacia_sapling" },
		{ "required": false, "id": "minecraft:dark_oak_sapling" },
		{ "required": false, "id": "minecraft:oak_leaves" },
		{ "required": false, "id": "minecraft:dark_oak_leaves" },
		{ "required": false, "id": "minecraft:sand" },
		{ "required": false, "id": "minecraft:sandstone" },
		{ "required": false, "id": "minecraft:chiseled_sandstone" },
		{ "required": false, "id": "minecraft:cut_sandstone" },
		{ "required": false, "id": "minecraft:gravel" },
		{ "required": false, "id": "minecraft:smooth_stone" },
		{ "required": false, "id": "minecraft:smooth_sandstone" },
		{ "required": false, "id": "minecraft:grass" },
		{ "required": false, "id": "minecraft:tall_grass" },
		{ "required": false, "id": "minecraft:fern" },
		{ "required": false, "id": "minecraft:large_fern" },
		{ "required": false, "id": "minecraft:white_wool" },
		{ "required": false, "id": "minecraft:orange_wool" },
		{ "required": false, "id": "minecraft:light_blue_wool" },
		{ "required": false, "id": "minecraft:yellow_wool" },
		{ "required": false, "id": "minecraft:lime_wool" },
		{ "required": false, "id": "minecraft:gray_wool" },
		{ "required": false, "id": "minecraft:light_gray_wool" },
		{ "required": false, "id": "minecraft:cyan_wool" },
		{ "required": false, "id": "minecraft:blue_wool" },
		{ "required": false, "id": "minecraft:brown_wool" },
		{ "required": false, "id": "minecraft:green_wool" },
		{ "required": false, "id": "minecraft:black_wool" },
		{ "required": false, "id": "minecraft:white_carpet" },
		{ "required": false, "id": "minecraft:orange_carpet" },
		{ "required": false, "id": "minecraft:magenta_carpet" },
		{ "required": false, "id": "minecraft:gray_carpet" },
		{ "required": false, "id": "minecraft:light_blue_carpet" },
		{ "required": false, "id": "minecraft:yellow_carpet" },
		{ "required": false, "id": "minecraft:lime_carpet" },
		{ "required": false, "id": "minecraft:pink_carpet" },
		{ "required": false, "id": "minecraft:light_gray_carpet" },
		{ "required": false, "id": "minecraft:cyan_carpet" },
		{ "required": false, "id": "minecraft:purple_carpet" },
		{ "required": false, "id": "minecraft:blue_carpet" },
		{ "required": false, "id": "minecraft:brown_carpet" },
		{ "required": false, "id": "minecraft:green_carpet" },
		{ "required": false, "id": "minecraft:red_carpet" },
		{ "required": false, "id": "minecraft:black_carpet" },
		{ "required": false, "id": "minecraft:dandelion" },
		{ "required": false, "id": "minecraft:poppy" },
		{ "required": false, "id": "minecraft:oxeye_daisy" },
		{ "required": false, "id": "minecraft:bricks" },
		{ "required": false, "id": "minecraft:vines" },
		{ "required": false, "id": "minecraft:torch" },
		{ "required": false, "id": "minecraft:wall_torch" },
		{ "required": false, "id": "minecraft:lantern" },
		{ "required": false, "id": "minecraft:soul_lantern" },
		{ "required": false, "id": "minecraft:candle" },
		{ "required": false, "id": "minecraft:white_candle" },
		{ "required": false, "id": "minecraft:lapis_lazuli_block" },
		{ "required": false, "id": "minecraft:block_of_gold" },
		{ "required": false, "id": "minecraft:block_of_diamond" },
		{ "required": false, "id": "minecraft:obsidian" },
		{ "required": false, "id": "minecraft:crying_obsidian" },
		{ "required": false, "id": "minecraft:chest" },
		{ "required": false, "id": "minecraft:trapped_chest" },
		{ "required": false, "id": "minecraft:furnace" },
		{ "required": false, "id": "minecraft:crafting_table" },
		{ "required": false, "id": "minecraft:farmland" },
		{ "required": false, "id": "minecraft:ladder" },
		{ "required": false, "id": "minecraft:bookshelf" },
		{ "required": false, "id": "minecraft:cobweb" },
		{ "required": false, "id": "minecraft:monster_spawner" },
		{ "required": false, "id": "minecraft:cactus" },
		{ "required": false, "id": "minecraft:lily_pad" },
		{ "required": false, "id": "minecraft:melon" },
		{ "required": false, "id": "minecraft:attached_melon_stem" },
		{ "required": false, "id": "minecraft:melon_stem" },
		{ "required": false, "id": "minecraft:pumpkin" },
		{ "required": false, "id": "minecraft:carved_pumpkin" },
		{ "required": false, "id": "minecraft:jack_o_lantern" },
		{ "required": false, "id": "minecraft:attached_pumpkin_stem" },
		{ "required": false, "id": "minecraft:pumpkin_stem" },
		{ "required": false, "id": "minecraft:rail" },
		{ "required": false, "id": "minecraft:snow" },
		{ "required": false, "id": "minecraft:ice" },
		{ "required": false, "id": "minecraft:snow_block" },
		{ "required": false, "id": "minecraft:lever" },
		{ "required": false, "id": "minecraft:stone_button" },
		{ "required": false, "id": "minecraft:jungle_button" },
		{ "required": false, "id": "minecraft:stone_pressure_plate" },
		{ "required": false, "id": "minecraft:oak_pressure_plate" },
		{ "required": false, "id": "minecraft:spruce_pressure_plate" },
		{ "required": false, "id": "minecraft:acacia_pressure_plate" },
		{ "required": false, "id": "minecraft:oak_fence" },
		{ "required": false, "id": "minecraft:spruce_fence" },
		{ "required": false, "id": "minecraft:jungle_fence" },
		{ "required": false, "id": "minecraft:acacia_fence" },
		{ "required": false, "id": "minecraft:dark_oak_fence" },
		{ "required": false, "id": "minecraft:oak_fence_gate" },
		{ "required": false, "id": "minecraft:spruce_fence_gate" },
		{ "required": false, "id": "minecraft:jungle_fence_gate" },
		{ "required": false, "id": "minecraft:acacia_fence_gate" },
		{ "required": false, "id": "minecraft:dark_oak_fence_gate" },
		{ "required": false, "id": "minecraft:oak_trapdoor" },
		{ "required": false, "id": "minecraft:spruce_trapdoor" },
		{ "required": false, "id": "minecraft:jungle_trapdoor" },
		{ "required": false, "id": "minecraft:acacia_trapdoor" },
		{ "required": false, "id": "minecraft:dark_oak_trapdoor" },
		{ "required": false, "id": "minecraft:iron_trapdoor" },
		{ "required": false, "id": "minecraft:cobblestone_wall" },
		{ "required": false, "id": "minecraft:diorite_wall" },
		{ "required": false, "id": "minecraft:granite_wall" },
		{ "required": false, "id": "minecraft:sandstone_wall" },
		{ "required": false, "id": "minecraft:cobbled_deepslate_wall" },
		{ "required": false, "id": "minecraft:polished_deepslate_wall" },
		{ "required": false, "id": "minecraft:deepslate_brick_wall" },
		{ "required": false, "id": "minecraft:deepslate_tile_wall" },
		{ "required": false, "id": "minecraft:iron_bars" },
		{ "required": false, "id": "minecraft:glass" },
		{ "required": false, "id": "minecraft:glass_pane" },
		{ "required": false, "id": "minecraft:brown_stained_glass_pane" },
		{ "required": false, "id": "minecraft:white_stained_glass_pane" },
		{ "required": false, "id": "minecraft:orange_stained_glass_pane" },
		{ "required": false, "id": "minecraft:yellow_stained_glass_pane" },
		{ "required": false, "id": "minecraft:clay" },
		{ "required": false, "id": "minecraft:stone_bricks" },
		{ "required": false, "id": "minecraft:cracked_stone_bricks" },
		{ "required": false, "id": "minecraft:mossy_stone_bricks" },
		{ "required": false, "id": "minecraft:chiseled_stone_bricks" },
		{ "required": false, "id": "minecraft:infested_stone_bricks" },
		{ "required": false, "id": "minecraft:infested_mossy_stone_bricks" },
		{ "required": false, "id": "minecraft:infested_chiseled_stone_bricks" },
		{ "required": false, "id": "minecraft:infested_cobblestone" },
		{ "required": false, "id": "minecraft:cauldron" },
		{ "required": false, "id": "minecraft:water_cauldron" },
		{ "required": false, "id": "minecraft:brewing_stand" },
		{ "required": false, "id": "minecraft:end_portal_frame" },
		{ "required": false, "id": "minecraft:end_portal" },
		{ "required": false, "id": "minecraft:potted_dandelion" },
		{ "required": false, "id": "minecraft:potted_poppy" },
		{ "required": false, "id": "minecraft:potted_blue_orchid" },
		{ "required": false, "id": "minecraft:potted_allium" },
		{ "required": false, "id": "minecraft:potted_azure_bluet" },
		{ "required": false, "id": "minecraft:potted_red_tulip" },
		{ "required": false, "id": "minecraft:potted_white_tulip" },
		{ "required": false, "id": "minecraft:potted_oxeye_daisy" },
		{ "required": false, "id": "minecraft:potted_dead_bush" },
		{ "required": false, "id": "minecraft:potted_spruce_sapling" },
		{ "required": false, "id": "minecraft:potted_birch_sapling" },
		{ "required": false, "id": "minecraft:potted_red_mushroom" },
		{ "required": false, "id": "minecraft:potted_cactus" },
		{ "required": false, "id": "minecraft:anvil" },
		{ "required": false, "id": "minecraft:hay_bale" },
		{ "required": false, "id": "minecraft:terracotta" },
		{ "required": false, "id": "minecraft:white_terracotta" },
		{ "required": false, "id": "minecraft:orange_terracotta" },
		{ "required": false, "id": "minecraft:light_blue_terracotta" },
		{ "required": false, "id": "minecraft:yellow_terracotta" },
		{ "required": false, "id": "minecraft:lime_terracotta" },
		{ "required": false, "id": "minecraft:gray_terracotta" },
		{ "required": false, "id": "minecraft:light_gray_terracotta" },
		{ "required": false, "id": "minecraft:cyan_terracotta" },
		{ "required": false, "id": "minecraft:blue_terracotta" },
		{ "required": false, "id": "minecraft:brown_terracotta" },
		{ "required": false, "id": "minecraft:green_terracotta" },
		{ "required": false, "id": "minecraft:red_terracotta" },
		{ "required": false, "id": "minecraft:black_terracotta" },
		{ "required": false, "id": "minecraft:prismarine" },
		{ "required": false, "id": "minecraft:prismarine_bricks" },
		{ "required": false, "id": "minecraft:dark_prismarine" },
		{ "required": false, "id": "minecraft:sea_lantern" },
		{ "required": false, "id": "minecraft:wet_sponge" },
		{ "required": false, "id": "minecraft:packed_ice" },
		{ "required": false, "id": "minecraft:blue_ice" },
		{ "required": false, "id": "minecraft:dirt_path" },
		{ "required": false, "id": "minecraft:gray_wall_banner" },
		{ "required": false, "id": "minecraft:light_gray_wall_banner" },
		{ "required": false, "id": "minecraft:brown_wall_banner" },
		{ "required": false, "id": "minecraft:black_wall_banner" },
		{ "required": false, "id": "minecraft:white_glazed_terracotta" },
		{ "required": false, "id": "minecraft:orange_glazed_terracotta" },
		{ "required": false, "id": "minecraft:light_blue_glazed_terracotta" },
		{ "required": false, "id": "minecraft:yellow_glazed_terracotta" },
		{ "required": false, "id": "minecraft:lime_glazed_terracotta" },
		{ "required": false, "id": "minecraft:gray_glazed_terracotta" },
		{ "required": false, "id": "minecraft:light_gray_glazed_terracotta" },
		{ "required": false, "id": "minecraft:cyan_glazed_terracotta" },
		{ "required": false, "id": "minecraft:purple_glazed_terracotta" },
		{ "required": false, "id": "minecraft:blue_glazed_terracotta" },
		{ "required": false, "id": "minecraft:brown_glazed_terracotta" },
		{ "required": false, "id": "minecraft:red_glazed_terracotta" },
		{ "required": false, "id": "minecraft:black_glazed_terracotta" },
		{ "required": false, "id": "minecraft:sea_pickle" },
		{ "required": false, "id": "minecraft:iron_door" },
		{ "required": false, "id": "minecraft:oak_door" },
		{ "required": false, "id": "minecraft:spruce_door" },
		{ "required": false, "id": "minecraft:jungle_door" },
		{ "required": false, "id": "minecraft:acacia_door" },
		{ "required": false, "id": "minecraft:dark_oak_door" },
		{ "required": false, "id": "minecraft:oak_wall_sign" },
		{ "required": false, "id": "minecraft:spruce_wall_sign" },
		{ "required": false, "id": "minecraft:oak_stairs" },
		{ "required": false, "id": "minecraft:birch_stairs" },
		{ "required": false, "id": "minecraft:spruce_stairs" },
		{ "required": false, "id": "minecraft:jungle_stairs" },
		{ "required": false, "id": "minecraft:acacia_stairs" },
		{ "required": false, "id": "minecraft:dark_oak_stairs" },
		{ "required": false, "id": "minecraft:diorite_stairs" },
		{ "required": false, "id": "minecraft:granite_stairs" },
		{ "required": false, "id": "minecraft:sandstone_stairs" },
		{ "required": false, "id": "minecraft:smooth_sandstone_stairs" },
		{ "required": false, "id": "minecraft:cobblestone_stairs" },
		{ "required": false, "id": "minecraft:mossy_cobblestone_stairs" },
		{ "required": false, "id": "minecraft:stone_brick_stairs" },
		{ "required": false, "id": "minecraft:mossy_stone_brick_stairs" },
		{ "required": false, "id": "minecraft:cobbled_deepslate_stairs" },
		{ "required": false, "id": "minecraft:polished_deepslate_stairs" },
		{ "required": false, "id": "minecraft:deepslate_brick_stairs" },
		{ "required": false, "id": "minecraft:deepslate_tile_stairs" },
		{ "required": false, "id": "minecraft:brick_stairs" },
		{ "required": false, "id": "minecraft:mud_brick_stairs" },
		{ "required": false, "id": "minecraft:oak_slab" },
		{ "required": false, "id": "minecraft:spruce_slab" },
		{ "required": false, "id": "minecraft:jungle_slab" },
		{ "required": false, "id": "minecraft:acacia_slab" },
		{ "required": false, "id": "minecraft:dark_oak_slab" },
		{ "required": false, "id": "minecraft:stone_slab" },
		{ "required": false, "id": "minecraft:sandstone_slab" },
		{ "required": false, "id": "minecraft:smooth_sandstone_slab" },
		{ "required": false, "id": "minecraft:cobblestone_slab" },
		{ "required": false, "id": "minecraft:mossy_cobblestone_slab" },
		{ "required": false, "id": "minecraft:smooth_stone_slab" },
		{ "required": false, "id": "minecraft:stone_brick_slab" },
		{ "required": false, "id": "minecraft:mossy_stone_brick_slab" },
		{ "required": false, "id": "minecraft:cobbled_deepslate_slab" },
		{ "required": false, "id": "minecraft:polished_deepslate_slab" },
		{ "required": false, "id": "minecraft:deepslate_brick_slab" },
		{ "required": false, "id": "minecraft:deepslate_tile_slab" },
		{ "required": false, "id": "minecraft:brick_slab" },
		{ "required": false, "id": "minecraft:mud_brick_slab" },
		{ "required": false, "id": "minecraft:tripwire_hook" },
		{ "required": false, "id": "minecraft:tripwire" },
		{ "required": false, "id": "minecraft:redstone_dust" },
		{ "required": false, "id": "minecraft:redstone_repeater" },
		{ "required": false, "id": "minecraft:redstone_comparator" },
		{ "required": false, "id": "minecraft:redstone_torch" },
		{ "required": false, "id": "minecraft:redstone_wall_torch" },
		{ "required": false, "id": "minecraft:redstone_block" },
		{ "required": false, "id": "minecraft:sticky_piston" },
		{ "required": false, "id": "minecraft:piston_head" },
		{ "required": false, "id": "minecraft:dispenser" },
		{ "required": false, "id": "minecraft:tnt" },
		{ "required": false, "id": "minecraft:target" },
		{ "required": false, "id": "minecraft:note_block" },
		{ "required": false, "id": "minecraft:redstone_lamp" },
		{ "required": false, "id": "minecraft:wheat_crops" },
		{ "required": false, "id": "minecraft:carrot" },
		{ "required": false, "id": "minecraft:potato" },
		{ "required": false, "id": "minecraft:beetroots" },
		{ "required": false, "id": "minecraft:white_bed" },
		{ "required": false, "id": "minecraft:orange_bed" },
		{ "required": false, "id": "minecraft:yellow_bed" },
		{ "required": false, "id": "minecraft:cyan_bed" },
		{ "required": false, "id": "minecraft:purple_bed" },
		{ "required": false, "id": "minecraft:blue_bed" },
		{ "required": false, "id": "minecraft:green_bed" },
		{ "required": false, "id": "minecraft:red_bed" },
		{ "required": false, "id": "minecraft:bell" },
		{ "required": false, "id": "minecraft:loom" },
		{ "required": false, "id": "minecraft:campfire" },
		{ "required": false, "id": "minecraft:barrel" },
		{ "required": false, "id": "minecraft:lectern" },
		{ "required": false, "id": "minecraft:blast_furnace" },
		{ "required": false, "id": "minecraft:smoker" },
		{ "required": false, "id": "minecraft:cartography_table" },
		{ "required": false, "id": "minecraft:composter" },
		{ "required": false, "id": "minecraft:stonecutter" },
		{ "required": false, "id": "minecraft:grindstone" },
		{ "required": false, "id": "minecraft:smithing_table" },
		{ "required": false, "id": "minecraft:fletching_table" },
		{ "required": false, "id": "minecraft:skeleton_skull" },
		{ "required": false, "id": "minecraft:sculk_sensor" },
		{ "required": false, "id": "minecraft:deepslate" },
		{ "required": false, "id": "minecraft:cobbled_deepslate" },
		{ "required": false, "id": "minecraft:reinforced_deepslate" },
		{ "required": false, "id": "minecraft:chiseled_deepslate" },
		{ "required": false, "id": "minecraft:deepslate_bricks" },
		{ "required": false, "id": "minecraft:cracked_deepslate_bricks" },
		{ "required": false, "id": "minecraft:deepslate_tiles" },
		{ "required": false, "id": "minecraft:cracked_deepslate_tiles" },
		{ "required": false, "id": "minecraft:polished_deepslate" },
		{ "required": false, "id": "minecraft:polished_basalt" },
		{ "required": false, "id": "minecraft:smooth_basalt" },
		{ "required": false, "id": "minecraft:mud_bricks" },
		{ "required": false, "id": "minecraft:cyan_concrete" },
		{ "required": false, "id": "minecraft:red_concrete" },
		{ "required": false, "id": "minecraft:suspicious_gravel" },
		{ "required": false, "id": "minecraft:suspicious_sand" }
	]
}
