{"stats":{"minecraft:custom":{"minecraft:time_since_rest":169718,"minecraft:sprint_one_cm":82216,"minecraft:damage_taken":110,"minecraft:walk_one_cm":38768,"minecraft:drop":1,"minecraft:damage_dealt":168,"minecraft:swim_one_cm":1143,"minecraft:interact_with_crafting_table":3,"minecraft:fly_one_cm":2028960,"minecraft:open_chest":4,"minecraft:crouch_one_cm":2158,"minecraft:play_time":189675,"minecraft:deaths":2,"minecraft:sneak_time":5374,"minecraft:walk_under_water_one_cm":39138,"minecraft:jump":278,"minecraft:leave_game":22,"minecraft:time_since_death":169718,"minecraft:walk_on_water_one_cm":17503,"minecraft:total_world_time":248694,"minecraft:climb_one_cm":607,"minecraft:fall_one_cm":1373},"minecraft:crafted":{"minecraft:written_book":1},"minecraft:dropped":{"minecraft:book":1},"minecraft:picked_up":{"minecraft:book":1,"minecraft:stone":1,"minecraft:gold_nugget":8,"minecraft:sugar_cane":3},"minecraft:used":{"minecraft:water_bucket":57,"minecraft:blue_terracotta":2,"minecraft:amethyst_block":2,"minecraft:flint_and_steel":1,"minecraft:command_block":1,"minecraft:stone":6,"minecraft:dark_oak_slab":1,"minecraft:cut_sandstone":10,"minecraft:sugar_cane":20,"minecraft:oak_leaves":42,"minecraft:diamond_block":15,"minecraft:sand":2,"minecraft:ancient_debris":14,"minecraft:skeleton_spawn_egg":21,"minecraft:tnt":2,"minecraft:crafting_table":1,"minecraft:gold_block":36,"minecraft:ice":47,"minecraft:stone_pressure_plate":4,"minecraft:goat_spawn_egg":26,"minecraft:obsidian":1}},"DataVersion":3700}