{"stats":{"minecraft:used":{"minecraft:end_portal_frame":3,"minecraft:pillager_spawn_egg":36,"minecraft:vindicator_spawn_egg":6},"minecraft:custom":{"minecraft:jump":4,"minecraft:time_since_rest":803,"minecraft:deaths":1,"minecraft:crouch_one_cm":370,"minecraft:leave_game":4,"minecraft:play_time":2956,"minecraft:sprint_one_cm":627,"minecraft:time_since_death":777,"minecraft:walk_one_cm":623,"minecraft:sneak_time":148,"minecraft:total_world_time":4213,"minecraft:fly_one_cm":28153}},"DataVersion":3700}