{"stats":{"minecraft:mined":{"minecraft:grass_block":1,"minecraft:spawner":1,"minecraft:oak_log":1},"minecraft:killed":{"minecraft:wolf":7,"minecraft:zombie_horse":1,"minecraft:creeper":3,"minecraft:pillager":1,"minecraft:zombie":1,"minecraft:drowned":2,"minecraft:villager":1,"minecraft:enderman":6},"minecraft:killed_by":{"minecraft:creeper":5,"minecraft:pillager":1,"minecraft:enderman":2},"minecraft:custom":{"minecraft:mob_kills":25,"minecraft:inspect_hopper":8,"minecraft:traded_with_villager":2,"minecraft:leave_game":15,"minecraft:time_since_death":582,"minecraft:climb_one_cm":2560,"minecraft:time_since_rest":603,"minecraft:sprint_one_cm":336507,"minecraft:damage_taken":5038,"minecraft:walk_one_cm":347449,"minecraft:drop":14,"minecraft:damage_dealt":5801,"minecraft:swim_one_cm":2097,"minecraft:talked_to_villager":6,"minecraft:fly_one_cm":1389321,"minecraft:open_chest":43,"minecraft:crouch_one_cm":14067,"minecraft:play_time":248193,"minecraft:deaths":71,"minecraft:sneak_time":8422,"minecraft:walk_under_water_one_cm":14931,"minecraft:jump":935,"minecraft:walk_on_water_one_cm":31292,"minecraft:total_world_time":593634,"minecraft:fall_one_cm":10262},"minecraft:dropped":{"minecraft:water_bucket":4,"minecraft:goat_horn":1,"minecraft:oak_log":2,"minecraft:crafting_table":2,"minecraft:rotten_flesh":2,"minecraft:lava_bucket":2,"minecraft:iron_pickaxe":1},"minecraft:used":{"minecraft:zombie_horse_spawn_egg":2,"minecraft:netherite_sword":43,"minecraft:water_bucket":4,"minecraft:iron_bars":2,"minecraft:diorite":5,"minecraft:birch_planks":4,"minecraft:carrot_on_a_stick":175,"minecraft:redstone":6,"minecraft:oak_planks":33,"minecraft:chest":2,"minecraft:sandstone":24,"minecraft:stone":25,"minecraft:iron_sword":6,"minecraft:redstone_block":1,"minecraft:white_dye":5,"minecraft:glow_ink_sac":5,"minecraft:sculk_sensor":1,"minecraft:oak_door":4,"minecraft:white_wool":9,"minecraft:dirt":12,"minecraft:sand":7,"minecraft:comparator":3,"minecraft:hopper":4,"minecraft:mangrove_sign":5,"minecraft:granite":33,"minecraft:obsidian":2,"minecraft:creeper_spawn_egg":2,"minecraft:shroomlight":10,"minecraft:redstone_torch":14,"minecraft:oak_log":6,"minecraft:sticky_piston":3,"minecraft:enderman_spawn_egg":6,"minecraft:lava_bucket":6,"minecraft:coal_ore":8,"minecraft:command_block":21,"minecraft:grass_block":13,"minecraft:stone_button":10,"minecraft:spawner":13,"minecraft:warped_nylium":10,"minecraft:netherite_hoe":3,"minecraft:item_frame":153,"minecraft:bedrock":2,"minecraft:repeater":59,"minecraft:cobblestone":3,"minecraft:wolf_spawn_egg":7,"minecraft:goat_horn":14,"minecraft:netherite_pickaxe":1,"minecraft:bucket":13,"minecraft:chain_command_block":3,"minecraft:stone_pressure_plate":7,"minecraft:pink_concrete_powder":2,"minecraft:orange_terracotta":3,"minecraft:pillager_spawn_egg":41},"minecraft:crafted":{"minecraft:oak_planks":28,"minecraft:crafting_table":6,"minecraft:carrot_on_a_stick":2},"minecraft:picked_up":{"minecraft:crafting_table":5,"minecraft:repeater":64,"minecraft:salmon":2,"minecraft:water_bucket":5,"minecraft:carrot_on_a_stick":37,"minecraft:birch_planks":1,"minecraft:oak_log":7,"minecraft:gunpowder":105,"minecraft:pink_concrete_powder":1,"minecraft:dirt":36,"minecraft:string":2,"minecraft:white_banner":2,"minecraft:spawner":1,"minecraft:kelp":49,"minecraft:wheat_seeds":8,"minecraft:redstone_torch":2,"minecraft:iron_pickaxe":1,"minecraft:iron_sword":2,"minecraft:egg":3,"minecraft:pillager_spawn_egg":51,"minecraft:stone":1,"minecraft:copper_ingot":1,"minecraft:lava_bucket":2,"minecraft:enderman_spawn_egg":128,"minecraft:stone_button":69,"minecraft:diorite":4,"minecraft:barrel":4,"minecraft:goat_horn":2,"minecraft:stone_pressure_plate":4,"minecraft:rotten_flesh":8,"minecraft:crossbow":1,"minecraft:granite":1,"minecraft:cod":3,"minecraft:coal":7,"minecraft:white_wool":1,"minecraft:cobblestone":1,"minecraft:ender_pearl":13}},"DataVersion":3700}