{
  "values": [
    { "required": false, "id": "minecraft:allium" },
    { "required": false, "id": "minecraft:azure_bluet" },
    { "required": false, "id": "minecraft:blue_orchid" },
    { "required": false, "id": "minecraft:cornflower" },
    { "required": false, "id": "minecraft:dandelion" },
    { "required": false, "id": "minecraft:lily_of_the_valley" },
    { "required": false, "id": "minecraft:orange_tulip" },
    { "required": false, "id": "minecraft:oxeye_daisy" },
    { "required": false, "id": "minecraft:pink_tulip" },
    { "required": false, "id": "minecraft:poppy" },
    { "required": false, "id": "minecraft:red_tulip" },
    { "required": false, "id": "minecraft:white_tulip" },
    { "required": false, "id": "minecraft:wither_rose" }
  ]
}