{
  "values": [
    { "required": false, "id": "minecraft:acacia_hanging_sign" },
    { "required": false, "id": "minecraft:bamboo_hanging_sign" },
    { "required": false, "id": "minecraft:birch_hanging_sign" },
    { "required": false, "id": "minecraft:crimson_hanging_sign" },
    { "required": false, "id": "minecraft:dark_oak_hanging_sign" },
    { "required": false, "id": "minecraft:jungle_hanging_sign" },
    { "required": false, "id": "minecraft:mangrove_hanging_sign" },
    { "required": false, "id": "minecraft:oak_hanging_sign" },
    { "required": false, "id": "minecraft:spruce_hanging_sign" },
    { "required": false, "id": "minecraft:warped_hanging_sign" }
  ]
}