{
    "replace": false,
    "values": [
        { "required": false, "id": "minecraft:activator_rail" },
        { "required": false, "id": "minecraft:powered_rail" },
        { "required": false, "id": "minecraft:piston" },
        { "required": false, "id": "#taglib:pistons" },
        { "required": false, "id": "minecraft:repeater" },
        { "required": false, "id": "minecraft:comparator" },
        { "required": false, "id": "minecraft:dropper" },
        { "required": false, "id": "minecraft:dispenser" },
        { "required": false, "id": "minecraft:redstone_lamp" },
        { "required": false, "id": "minecraft:tnt" },
        { "required": false, "id": "minecraft:note_block" },
        "#doors",
        "#trapdoors",
        "#fence_gates",
        { "required": false, "id": "minecraft:hopper" }
    ]
}