{
  "values": [
    { "required": false, "id": "minecraft:acacia_door" },
    { "required": false, "id": "minecraft:bamboo_door" },
    { "required": false, "id": "minecraft:birch_door" },
    { "required": false, "id": "minecraft:crimson_door" },
    { "required": false, "id": "minecraft:dark_oak_door" },
    { "required": false, "id": "minecraft:iron_door" },
    { "required": false, "id": "minecraft:jungle_door" },
    { "required": false, "id": "minecraft:mangrove_door" },
    { "required": false, "id": "minecraft:oak_door" },
    { "required": false, "id": "minecraft:spruce_door" },
    { "required": false, "id": "minecraft:warped_door" }
  ]
}