{
  "values": [
    { "required": false, "id": "minecraft:acacia_fence_gate" },
    { "required": false, "id": "minecraft:bamboo_fence_gate" },
    { "required": false, "id": "minecraft:birch_fence_gate" },
    { "required": false, "id": "minecraft:crimson_fence_gate" },
    { "required": false, "id": "minecraft:dark_oak_fence_gate" },
    { "required": false, "id": "minecraft:jungle_fence_gate" },
    { "required": false, "id": "minecraft:mangrove_fence_gate" },
    { "required": false, "id": "minecraft:oak_fence_gate" },
    { "required": false, "id": "minecraft:spruce_fence_gate" },
    { "required": false, "id": "minecraft:warped_fence_gate" }
  ]
}