{
    "type": "minecraft:crafting_shaped",
    "pattern": [
        "#BF",
        " W ",
        " G "
    ],
    "key": {
        "#": {
            "item": "minecraft:tube_coral_block"
        },
        "B": {
            "item": "minecraft:bubble_coral_block"
        },
        "F": {
            "item": "minecraft:fire_coral_block"
        },
        "W": {
            "item": "minecraft:water_bucket"
        },
        "G": {
            "item": "minecraft:gold_nugget"
        }
    },
    "result": {
        "item": "minecraft:trident",
        "count": 1
    }
}