{
    "replace": false,
    "values": [
         { "required": false, "id": "minecraft:acacia_boat" },
         { "required": false, "id": "minecraft:acacia_chest_boat" },
         { "required": false, "id": "minecraft:acacia_door" },
         { "required": false, "id": "minecraft:acacia_hanging_sign" },
         { "required": false, "id": "minecraft:acacia_sign" },
         { "required": false, "id": "minecraft:amethyst_shard" },
         { "required": false, "id": "minecraft:angler_pottery_sherd" },
         { "required": false, "id": "minecraft:apple" },
         { "required": false, "id": "minecraft:archer_pottery_sherd" },
         { "required": false, "id": "minecraft:armor_stand" },
         { "required": false, "id": "minecraft:arms_up_pottery_sherd" },
         { "required": false, "id": "minecraft:arrow" },
         { "required": false, "id": "minecraft:axolotl_bucket" },
         { "required": false, "id": "minecraft:baked_potato" },
         { "required": false, "id": "minecraft:bamboo" },
         { "required": false, "id": "minecraft:bamboo_chest_raft" },
         { "required": false, "id": "minecraft:bamboo_door" },
         { "required": false, "id": "minecraft:bamboo_hanging_sign" },
         { "required": false, "id": "minecraft:bamboo_raft" },
         { "required": false, "id": "minecraft:bamboo_sign" },
         { "required": false, "id": "minecraft:barrier" },
         { "required": false, "id": "minecraft:beef" },
         { "required": false, "id": "minecraft:beetroot" },
         { "required": false, "id": "minecraft:beetroot_seeds" },
         { "required": false, "id": "minecraft:beetroot_soup" },
         { "required": false, "id": "minecraft:bell" },
         { "required": false, "id": "minecraft:birch_boat" },
         { "required": false, "id": "minecraft:birch_chest_boat" },
         { "required": false, "id": "minecraft:birch_door" },
         { "required": false, "id": "minecraft:birch_hanging_sign" },
         { "required": false, "id": "minecraft:birch_sign" },
         { "required": false, "id": "minecraft:black_candle" },
         { "required": false, "id": "minecraft:black_dye" },
         { "required": false, "id": "minecraft:blade_pottery_sherd" },
         { "required": false, "id": "minecraft:blaze_powder" },
         { "required": false, "id": "minecraft:blaze_rod" },
         { "required": false, "id": "minecraft:blue_candle" },
         { "required": false, "id": "minecraft:blue_dye" },
         { "required": false, "id": "minecraft:bone" },
         { "required": false, "id": "minecraft:bone_meal" },
         { "required": false, "id": "minecraft:book" },
         { "required": false, "id": "minecraft:bow" },
         { "required": false, "id": "minecraft:bowl" },
         { "required": false, "id": "minecraft:bread" },
         { "required": false, "id": "minecraft:brewer_pottery_sherd" },
         { "required": false, "id": "minecraft:brewing_stand" },
         { "required": false, "id": "minecraft:brick" },
         { "required": false, "id": "minecraft:brown_candle" },
         { "required": false, "id": "minecraft:brown_dye" },
         { "required": false, "id": "minecraft:brush" },
         { "required": false, "id": "minecraft:bucket" },
         { "required": false, "id": "minecraft:bundle" },
         { "required": false, "id": "minecraft:burn_pottery_sherd" },
         { "required": false, "id": "minecraft:cake" },
         { "required": false, "id": "minecraft:campfire" },
         { "required": false, "id": "minecraft:candle" },
         { "required": false, "id": "minecraft:carrot" },
         { "required": false, "id": "minecraft:carrot_on_a_stick" },
         { "required": false, "id": "minecraft:cauldron" },
         { "required": false, "id": "minecraft:chain" },
         { "required": false, "id": "minecraft:chainmail_boots" },
         { "required": false, "id": "minecraft:chainmail_chestplate" },
         { "required": false, "id": "minecraft:chainmail_helmet" },
         { "required": false, "id": "minecraft:chainmail_leggings" },
         { "required": false, "id": "minecraft:charcoal" },
         { "required": false, "id": "minecraft:cherry_boat" },
         { "required": false, "id": "minecraft:cherry_chest_boat" },
         { "required": false, "id": "minecraft:cherry_door" },
         { "required": false, "id": "minecraft:cherry_hanging_sign" },
         { "required": false, "id": "minecraft:cherry_sign" },
         { "required": false, "id": "minecraft:chest_minecart" },
         { "required": false, "id": "minecraft:chicken" },
         { "required": false, "id": "minecraft:chorus_fruit" },
         { "required": false, "id": "minecraft:clay_ball" },
         { "required": false, "id": "minecraft:clock" },
         { "required": false, "id": "minecraft:coal" },
         { "required": false, "id": "minecraft:coast_armor_trim_smithing_template" },
         { "required": false, "id": "minecraft:cocoa_beans" },
         { "required": false, "id": "minecraft:cod" },
         { "required": false, "id": "minecraft:cod_bucket" },
         { "required": false, "id": "minecraft:command_block_minecart" },
         { "required": false, "id": "minecraft:comparator" },
         { "required": false, "id": "minecraft:compass" },
         { "required": false, "id": "minecraft:cooked_beef" },
         { "required": false, "id": "minecraft:cooked_chicken" },
         { "required": false, "id": "minecraft:cooked_cod" },
         { "required": false, "id": "minecraft:cooked_mutton" },
         { "required": false, "id": "minecraft:cooked_porkchop" },
         { "required": false, "id": "minecraft:cooked_rabbit" },
         { "required": false, "id": "minecraft:cooked_salmon" },
         { "required": false, "id": "minecraft:cookie" },
         { "required": false, "id": "minecraft:copper_ingot" },
         { "required": false, "id": "minecraft:creeper_banner_pattern" },
         { "required": false, "id": "minecraft:crimson_door" },
         { "required": false, "id": "minecraft:crimson_hanging_sign" },
         { "required": false, "id": "minecraft:crimson_sign" },
         { "required": false, "id": "minecraft:crossbow" },
         { "required": false, "id": "minecraft:cyan_candle" },
         { "required": false, "id": "minecraft:cyan_dye" },
         { "required": false, "id": "minecraft:danger_pottery_sherd" },
         { "required": false, "id": "minecraft:dark_oak_boat" },
         { "required": false, "id": "minecraft:dark_oak_chest_boat" },
         { "required": false, "id": "minecraft:dark_oak_door" },
         { "required": false, "id": "minecraft:dark_oak_hanging_sign" },
         { "required": false, "id": "minecraft:dark_oak_sign" },
         { "required": false, "id": "minecraft:diamond" },
         { "required": false, "id": "minecraft:diamond_axe" },
         { "required": false, "id": "minecraft:diamond_boots" },
         { "required": false, "id": "minecraft:diamond_chestplate" },
         { "required": false, "id": "minecraft:diamond_helmet" },
         { "required": false, "id": "minecraft:diamond_hoe" },
         { "required": false, "id": "minecraft:diamond_horse_armor" },
         { "required": false, "id": "minecraft:diamond_leggings" },
         { "required": false, "id": "minecraft:diamond_pickaxe" },
         { "required": false, "id": "minecraft:diamond_shovel" },
         { "required": false, "id": "minecraft:diamond_sword" },
         { "required": false, "id": "minecraft:disc_fragment_5" },
         { "required": false, "id": "minecraft:dragon_breath" },
         { "required": false, "id": "minecraft:dried_kelp" },
         { "required": false, "id": "minecraft:dune_armor_trim_smithing_template" },
         { "required": false, "id": "minecraft:echo_shard" },
         { "required": false, "id": "minecraft:egg" },
         { "required": false, "id": "minecraft:elytra" },
         { "required": false, "id": "minecraft:emerald" },
         { "required": false, "id": "minecraft:enchanted_book" },
         { "required": false, "id": "minecraft:ender_eye" },
         { "required": false, "id": "minecraft:ender_pearl" },
         { "required": false, "id": "minecraft:end_crystal" },
         { "required": false, "id": "minecraft:experience_bottle" },
         { "required": false, "id": "minecraft:explorer_pottery_sherd" },
         { "required": false, "id": "minecraft:eye_armor_trim_smithing_template" },
         { "required": false, "id": "minecraft:feather" },
         { "required": false, "id": "minecraft:fermented_spider_eye" },
         { "required": false, "id": "minecraft:filled_map" },
         { "required": false, "id": "minecraft:firework_rocket" },
         { "required": false, "id": "minecraft:firework_star" },
         { "required": false, "id": "minecraft:fire_charge" },
         { "required": false, "id": "minecraft:fishing_rod" },
         { "required": false, "id": "minecraft:flint" },
         { "required": false, "id": "minecraft:flint_and_steel" },
         { "required": false, "id": "minecraft:flower_banner_pattern" },
         { "required": false, "id": "minecraft:flower_pot" },
         { "required": false, "id": "minecraft:friend_pottery_sherd" },
         { "required": false, "id": "minecraft:furnace_minecart" },
         { "required": false, "id": "minecraft:ghast_tear" },
         { "required": false, "id": "minecraft:glass_bottle" },
         { "required": false, "id": "minecraft:glistering_melon_slice" },
         { "required": false, "id": "minecraft:globe_banner_pattern" },
         { "required": false, "id": "minecraft:glowstone_dust" },
         { "required": false, "id": "minecraft:glow_berries" },
         { "required": false, "id": "minecraft:glow_ink_sac" },
         { "required": false, "id": "minecraft:goat_horn" },
         { "required": false, "id": "minecraft:golden_apple" },
         { "required": false, "id": "minecraft:golden_axe" },
         { "required": false, "id": "minecraft:golden_boots" },
         { "required": false, "id": "minecraft:golden_carrot" },
         { "required": false, "id": "minecraft:golden_chestplate" },
         { "required": false, "id": "minecraft:golden_helmet" },
         { "required": false, "id": "minecraft:golden_hoe" },
         { "required": false, "id": "minecraft:golden_horse_armor" },
         { "required": false, "id": "minecraft:golden_leggings" },
         { "required": false, "id": "minecraft:golden_pickaxe" },
         { "required": false, "id": "minecraft:golden_shovel" },
         { "required": false, "id": "minecraft:golden_sword" },
         { "required": false, "id": "minecraft:gold_ingot" },
         { "required": false, "id": "minecraft:gold_nugget" },
         { "required": false, "id": "minecraft:gray_candle" },
         { "required": false, "id": "minecraft:gray_dye" },
         { "required": false, "id": "minecraft:green_candle" },
         { "required": false, "id": "minecraft:green_dye" },
         { "required": false, "id": "minecraft:gunpowder" },
         { "required": false, "id": "minecraft:heartbreak_pottery_sherd" },
         { "required": false, "id": "minecraft:heart_of_the_sea" },
         { "required": false, "id": "minecraft:heart_pottery_sherd" },
         { "required": false, "id": "minecraft:honeycomb" },
         { "required": false, "id": "minecraft:honey_bottle" },
         { "required": false, "id": "minecraft:hopper" },
         { "required": false, "id": "minecraft:hopper_minecart" },
         { "required": false, "id": "minecraft:host_armor_trim_smithing_template" },
         { "required": false, "id": "minecraft:howl_pottery_sherd" },
         { "required": false, "id": "minecraft:ink_sac" },
         { "required": false, "id": "minecraft:iron_axe" },
         { "required": false, "id": "minecraft:iron_boots" },
         { "required": false, "id": "minecraft:iron_chestplate" },
         { "required": false, "id": "minecraft:iron_door" },
         { "required": false, "id": "minecraft:iron_helmet" },
         { "required": false, "id": "minecraft:iron_hoe" },
         { "required": false, "id": "minecraft:iron_horse_armor" },
         { "required": false, "id": "minecraft:iron_ingot" },
         { "required": false, "id": "minecraft:iron_leggings" },
         { "required": false, "id": "minecraft:iron_nugget" },
         { "required": false, "id": "minecraft:iron_pickaxe" },
         { "required": false, "id": "minecraft:iron_shovel" },
         { "required": false, "id": "minecraft:iron_sword" },
         { "required": false, "id": "minecraft:item_frame" },
         { "required": false, "id": "minecraft:jungle_boat" },
         { "required": false, "id": "minecraft:jungle_chest_boat" },
         { "required": false, "id": "minecraft:jungle_door" },
         { "required": false, "id": "minecraft:jungle_hanging_sign" },
         { "required": false, "id": "minecraft:jungle_sign" },
         { "required": false, "id": "minecraft:kelp" },
         { "required": false, "id": "minecraft:knowledge_book" },
         { "required": false, "id": "minecraft:lantern" },
         { "required": false, "id": "minecraft:lapis_lazuli" },
         { "required": false, "id": "minecraft:lava_bucket" },
         { "required": false, "id": "minecraft:lead" },
         { "required": false, "id": "minecraft:leather" },
         { "required": false, "id": "minecraft:leather_boots" },
         { "required": false, "id": "minecraft:leather_chestplate" },
         { "required": false, "id": "minecraft:leather_helmet" },
         { "required": false, "id": "minecraft:leather_horse_armor" },
         { "required": false, "id": "minecraft:leather_leggings" },
         { "required": false, "id": "minecraft:light" },
         { "required": false, "id": "minecraft:light_blue_candle" },
         { "required": false, "id": "minecraft:light_blue_dye" },
         { "required": false, "id": "minecraft:light_gray_candle" },
         { "required": false, "id": "minecraft:light_gray_dye" },
         { "required": false, "id": "minecraft:lime_candle" },
         { "required": false, "id": "minecraft:lime_dye" },
         { "required": false, "id": "minecraft:lingering_potion" },
         { "required": false, "id": "minecraft:magenta_candle" },
         { "required": false, "id": "minecraft:magenta_dye" },
         { "required": false, "id": "minecraft:magma_cream" },
         { "required": false, "id": "minecraft:mangrove_boat" },
         { "required": false, "id": "minecraft:mangrove_chest_boat" },
         { "required": false, "id": "minecraft:mangrove_door" },
         { "required": false, "id": "minecraft:mangrove_hanging_sign" },
         { "required": false, "id": "minecraft:mangrove_propagule" },
         { "required": false, "id": "minecraft:mangrove_sign" },
         { "required": false, "id": "minecraft:map" },
         { "required": false, "id": "minecraft:melon_seeds" },
         { "required": false, "id": "minecraft:melon_slice" },
         { "required": false, "id": "minecraft:milk_bucket" },
         { "required": false, "id": "minecraft:minecart" },
         { "required": false, "id": "minecraft:miner_pottery_sherd" },
         { "required": false, "id": "minecraft:mojang_banner_pattern" },
         { "required": false, "id": "minecraft:mourner_pottery_sherd" },
         { "required": false, "id": "minecraft:mushroom_stew" },
         { "required": false, "id": "minecraft:music_disc_11" },
         { "required": false, "id": "minecraft:music_disc_13" },
         { "required": false, "id": "minecraft:music_disc_5" },
         { "required": false, "id": "minecraft:music_disc_blocks" },
         { "required": false, "id": "minecraft:music_disc_cat" },
         { "required": false, "id": "minecraft:music_disc_chirp" },
         { "required": false, "id": "minecraft:music_disc_far" },
         { "required": false, "id": "minecraft:music_disc_mall" },
         { "required": false, "id": "minecraft:music_disc_mellohi" },
         { "required": false, "id": "minecraft:music_disc_otherside" },
         { "required": false, "id": "minecraft:music_disc_pigstep" },
         { "required": false, "id": "minecraft:music_disc_relic" },
         { "required": false, "id": "minecraft:music_disc_stal" },
         { "required": false, "id": "minecraft:music_disc_strad" },
         { "required": false, "id": "minecraft:music_disc_wait" },
         { "required": false, "id": "minecraft:music_disc_ward" },
         { "required": false, "id": "minecraft:mutton" },
         { "required": false, "id": "minecraft:name_tag" },
         { "required": false, "id": "minecraft:nautilus_shell" },
         { "required": false, "id": "minecraft:netherite_axe" },
         { "required": false, "id": "minecraft:netherite_boots" },
         { "required": false, "id": "minecraft:netherite_chestplate" },
         { "required": false, "id": "minecraft:netherite_helmet" },
         { "required": false, "id": "minecraft:netherite_hoe" },
         { "required": false, "id": "minecraft:netherite_ingot" },
         { "required": false, "id": "minecraft:netherite_leggings" },
         { "required": false, "id": "minecraft:netherite_pickaxe" },
         { "required": false, "id": "minecraft:netherite_scrap" },
         { "required": false, "id": "minecraft:netherite_shovel" },
         { "required": false, "id": "minecraft:netherite_sword" },
         { "required": false, "id": "minecraft:netherite_upgrade_smithing_template" },
         { "required": false, "id": "minecraft:nether_brick" },
         { "required": false, "id": "minecraft:nether_sprouts" },
         { "required": false, "id": "minecraft:nether_star" },
         { "required": false, "id": "minecraft:nether_wart" },
         { "required": false, "id": "minecraft:oak_boat" },
         { "required": false, "id": "minecraft:oak_chest_boat" },
         { "required": false, "id": "minecraft:oak_door" },
         { "required": false, "id": "minecraft:oak_hanging_sign" },
         { "required": false, "id": "minecraft:oak_sign" },
         { "required": false, "id": "minecraft:orange_candle" },
         { "required": false, "id": "minecraft:orange_dye" },
         { "required": false, "id": "minecraft:painting" },
         { "required": false, "id": "minecraft:paper" },
         { "required": false, "id": "minecraft:phantom_membrane" },
         { "required": false, "id": "minecraft:piglin_banner_pattern" },
         { "required": false, "id": "minecraft:pink_candle" },
         { "required": false, "id": "minecraft:pink_dye" },
         { "required": false, "id": "minecraft:pink_petals" },
         { "required": false, "id": "minecraft:pitcher_plant" },
         { "required": false, "id": "minecraft:pitcher_pod" },
         { "required": false, "id": "minecraft:plenty_pottery_sherd" },
         { "required": false, "id": "minecraft:pointed_dripstone" },
         { "required": false, "id": "minecraft:poisonous_potato" },
         { "required": false, "id": "minecraft:popped_chorus_fruit" },
         { "required": false, "id": "minecraft:porkchop" },
         { "required": false, "id": "minecraft:potato" },
         { "required": false, "id": "minecraft:potion" },
         { "required": false, "id": "minecraft:powder_snow_bucket" },
         { "required": false, "id": "minecraft:prismarine_crystals" },
         { "required": false, "id": "minecraft:prismarine_shard" },
         { "required": false, "id": "minecraft:prize_pottery_sherd" },
         { "required": false, "id": "minecraft:pufferfish" },
         { "required": false, "id": "minecraft:pufferfish_bucket" },
         { "required": false, "id": "minecraft:pumpkin_pie" },
         { "required": false, "id": "minecraft:pumpkin_seeds" },
         { "required": false, "id": "minecraft:purple_candle" },
         { "required": false, "id": "minecraft:purple_dye" },
         { "required": false, "id": "minecraft:quartz" },
         { "required": false, "id": "minecraft:rabbit" },
         { "required": false, "id": "minecraft:rabbit_foot" },
         { "required": false, "id": "minecraft:rabbit_hide" },
         { "required": false, "id": "minecraft:rabbit_stew" },
         { "required": false, "id": "minecraft:raiser_armor_trim_smithing_template" },
         { "required": false, "id": "minecraft:raw_copper" },
         { "required": false, "id": "minecraft:raw_gold" },
         { "required": false, "id": "minecraft:raw_iron" },
         { "required": false, "id": "minecraft:recovery_compass" },
         { "required": false, "id": "minecraft:redstone" },
         { "required": false, "id": "minecraft:red_candle" },
         { "required": false, "id": "minecraft:red_dye" },
         { "required": false, "id": "minecraft:repeater" },
         { "required": false, "id": "minecraft:rib_armor_trim_smithing_template" },
         { "required": false, "id": "minecraft:rotten_flesh" },
         { "required": false, "id": "minecraft:saddle" },
         { "required": false, "id": "minecraft:salmon" },
         { "required": false, "id": "minecraft:salmon_bucket" },
         { "required": false, "id": "minecraft:scute" },
         { "required": false, "id": "minecraft:seagrass" },
         { "required": false, "id": "minecraft:sea_pickle" },
         { "required": false, "id": "minecraft:sentry_armor_trim_smithing_template" },
         { "required": false, "id": "minecraft:shaper_armor_trim_smithing_template" },
         { "required": false, "id": "minecraft:sheaf_pottery_sherd" },
         { "required": false, "id": "minecraft:shears" },
         { "required": false, "id": "minecraft:shelter_pottery_sherd" },
         { "required": false, "id": "minecraft:shulker_shell" },
         { "required": false, "id": "minecraft:silence_armor_trim_smithing_template" },
         { "required": false, "id": "minecraft:skull_banner_pattern" },
         { "required": false, "id": "minecraft:skull_pottery_sherd" },
         { "required": false, "id": "minecraft:slime_ball" },
         { "required": false, "id": "minecraft:sniffer_egg" },
         { "required": false, "id": "minecraft:snort_pottery_sherd" },
         { "required": false, "id": "minecraft:snout_armor_trim_smithing_template" },
         { "required": false, "id": "minecraft:snowball" },
         { "required": false, "id": "minecraft:soul_campfire" },
         { "required": false, "id": "minecraft:soul_lantern" },
         { "required": false, "id": "minecraft:bat_spawn_egg" },
         { "required": false, "id": "minecraft:bee_spawn_egg" },
         { "required": false, "id": "minecraft:cat_spawn_egg" },
         { "required": false, "id": "minecraft:cod_spawn_egg" },
         { "required": false, "id": "minecraft:cow_spawn_egg" },
         { "required": false, "id": "minecraft:fox_spawn_egg" },
         { "required": false, "id": "minecraft:pig_spawn_egg" },
         { "required": false, "id": "minecraft:vex_spawn_egg" },
         { "required": false, "id": "minecraft:goat_spawn_egg" },
         { "required": false, "id": "minecraft:husk_spawn_egg" },
         { "required": false, "id": "minecraft:mule_spawn_egg" },
         { "required": false, "id": "minecraft:wolf_spawn_egg" },
         { "required": false, "id": "minecraft:blaze_spawn_egg" },
         { "required": false, "id": "minecraft:ghast_spawn_egg" },
         { "required": false, "id": "minecraft:horse_spawn_egg" },
         { "required": false, "id": "minecraft:llama_spawn_egg" },
         { "required": false, "id": "minecraft:panda_spawn_egg" },
         { "required": false, "id": "minecraft:sheep_spawn_egg" },
         { "required": false, "id": "minecraft:slime_spawn_egg" },
         { "required": false, "id": "minecraft:squid_spawn_egg" },
         { "required": false, "id": "minecraft:stray_spawn_egg" },
         { "required": false, "id": "minecraft:witch_spawn_egg" },
         { "required": false, "id": "minecraft:donkey_spawn_egg" },
         { "required": false, "id": "minecraft:hoglin_spawn_egg" },
         { "required": false, "id": "minecraft:ocelot_spawn_egg" },
         { "required": false, "id": "minecraft:parrot_spawn_egg" },
         { "required": false, "id": "minecraft:piglin_spawn_egg" },
         { "required": false, "id": "minecraft:rabbit_spawn_egg" },
         { "required": false, "id": "minecraft:salmon_spawn_egg" },
         { "required": false, "id": "minecraft:spider_spawn_egg" },
         { "required": false, "id": "minecraft:turtle_spawn_egg" },
         { "required": false, "id": "minecraft:zoglin_spawn_egg" },
         { "required": false, "id": "minecraft:zombie_spawn_egg" },
         { "required": false, "id": "minecraft:evoker_spawn_egg" },
         { "required": false, "id": "minecraft:axolotl_spawn_egg" },
         { "required": false, "id": "minecraft:chicken_spawn_egg" },
         { "required": false, "id": "minecraft:creeper_spawn_egg" },
         { "required": false, "id": "minecraft:dolphin_spawn_egg" },
         { "required": false, "id": "minecraft:drowned_spawn_egg" },
         { "required": false, "id": "minecraft:phantom_spawn_egg" },
         { "required": false, "id": "minecraft:ravager_spawn_egg" },
         { "required": false, "id": "minecraft:shulker_spawn_egg" },
         { "required": false, "id": "minecraft:strider_spawn_egg" },
         { "required": false, "id": "minecraft:guardian_spawn_egg" },
         { "required": false, "id": "minecraft:pillager_spawn_egg" },
         { "required": false, "id": "minecraft:skeleton_spawn_egg" },
         { "required": false, "id": "minecraft:villager_spawn_egg" },
         { "required": false, "id": "minecraft:enderman_spawn_egg" },
         { "required": false, "id": "minecraft:mooshroom_spawn_egg" },
         { "required": false, "id": "minecraft:endermite_spawn_egg" },
         { "required": false, "id": "minecraft:glow_squid_spawn_egg" },
         { "required": false, "id": "minecraft:magma_cube_spawn_egg" },
         { "required": false, "id": "minecraft:polar_bear_spawn_egg" },
         { "required": false, "id": "minecraft:pufferfish_spawn_egg" },
         { "required": false, "id": "minecraft:silverfish_spawn_egg" },
         { "required": false, "id": "minecraft:vindicator_spawn_egg" },
         { "required": false, "id": "minecraft:cave_spider_spawn_egg" },
         { "required": false, "id": "minecraft:piglin_brute_spawn_egg" },
         { "required": false, "id": "minecraft:trader_llama_spawn_egg" },
         { "required": false, "id": "minecraft:zombie_horse_spawn_egg" },
         { "required": false, "id": "minecraft:tropical_fish_spawn_egg" },
         { "required": false, "id": "minecraft:elder_guardian_spawn_egg" },
         { "required": false, "id": "minecraft:skeleton_horse_spawn_egg" },
         { "required": false, "id": "minecraft:wither_skeleton_spawn_egg" },
         { "required": false, "id": "minecraft:zombie_villager_spawn_egg" },
         { "required": false, "id": "minecraft:wandering_trader_spawn_egg" },
         { "required": false, "id": "minecraft:zombified_piglin_spawn_egg" },
         { "required": false, "id": "minecraft:warden_spawn_egg" },
         { "required": false, "id": "minecraft:frog_spawn_egg" },
         { "required": false, "id": "minecraft:tadpole_spawn_egg" },
         { "required": false, "id": "minecraft:allay_spawn_egg" },
         { "required": false, "id": "minecraft:camel_spawn_egg" },
         { "required": false, "id": "minecraft:sniffer_spawn_egg" },
         { "required": false, "id": "minecraft:spectral_arrow" },
         { "required": false, "id": "minecraft:spider_eye" },
         { "required": false, "id": "minecraft:spire_armor_trim_smithing_template" },
         { "required": false, "id": "minecraft:splash_potion" },
         { "required": false, "id": "minecraft:spruce_boat" },
         { "required": false, "id": "minecraft:spruce_chest_boat" },
         { "required": false, "id": "minecraft:spruce_door" },
         { "required": false, "id": "minecraft:spruce_hanging_sign" },
         { "required": false, "id": "minecraft:spruce_sign" },
         { "required": false, "id": "minecraft:stick" },
         { "required": false, "id": "minecraft:stone_axe" },
         { "required": false, "id": "minecraft:stone_hoe" },
         { "required": false, "id": "minecraft:stone_pickaxe" },
         { "required": false, "id": "minecraft:stone_shovel" },
         { "required": false, "id": "minecraft:stone_sword" },
         { "required": false, "id": "minecraft:string" },
         { "required": false, "id": "minecraft:structure_void" },
         { "required": false, "id": "minecraft:sugar" },
         { "required": false, "id": "minecraft:sugar_cane" },
         { "required": false, "id": "minecraft:suspicious_stew" },
         { "required": false, "id": "minecraft:sweet_berries" },
         { "required": false, "id": "minecraft:tadpole_bucket" },
         { "required": false, "id": "minecraft:tide_armor_trim_smithing_template" },
         { "required": false, "id": "minecraft:tipped_arrow" },
         { "required": false, "id": "minecraft:tnt_minecart" },
         { "required": false, "id": "minecraft:torchflower_seeds" },
         { "required": false, "id": "minecraft:totem_of_undying" },
         { "required": false, "id": "minecraft:tropical_fish" },
         { "required": false, "id": "minecraft:tropical_fish_bucket" },
         { "required": false, "id": "minecraft:turtle_egg" },
         { "required": false, "id": "minecraft:turtle_helmet" },
         { "required": false, "id": "minecraft:vex_armor_trim_smithing_template" },
         { "required": false, "id": "minecraft:ward_armor_trim_smithing_template" },
         { "required": false, "id": "minecraft:warped_door" },
         { "required": false, "id": "minecraft:warped_fungus_on_a_stick" },
         { "required": false, "id": "minecraft:warped_hanging_sign" },
         { "required": false, "id": "minecraft:warped_sign" },
         { "required": false, "id": "minecraft:water_bucket" },
         { "required": false, "id": "minecraft:wayfinder_armor_trim_smithing_template" },
         { "required": false, "id": "minecraft:wheat" },
         { "required": false, "id": "minecraft:wheat_seeds" },
         { "required": false, "id": "minecraft:white_candle" },
         { "required": false, "id": "minecraft:white_dye" },
         { "required": false, "id": "minecraft:wild_armor_trim_smithing_template" },
         { "required": false, "id": "minecraft:wooden_axe" },
         { "required": false, "id": "minecraft:wooden_hoe" },
         { "required": false, "id": "minecraft:wooden_pickaxe" },
         { "required": false, "id": "minecraft:wooden_shovel" },
         { "required": false, "id": "minecraft:wooden_sword" },
         { "required": false, "id": "minecraft:writable_book" },
         { "required": false, "id": "minecraft:written_book" },
         { "required": false, "id": "minecraft:yellow_candle" },
         { "required": false, "id": "minecraft:yellow_dye" },
         { "required": false, "id": "minecraft:command_block" },
         { "required": false, "id": "minecraft:jigsaw" },
         { "required": false, "id": "minecraft:spyglass" },
         { "required": false, "id": "minecraft:trident" },
         { "required": false, "id": "minecraft:warped_fungus" },
         { "required": false, "id": "minecraft:crimson_fungus" },
         { "required": false, "id": "minecraft:red_mushroom" },
         { "required": false, "id": "minecraft:brown_mushroom" },
         { "required": false, "id": "minecraft:lever" },
         { "required": false, "id": "minecraft:dandelion" },
         { "required": false, "id": "minecraft:poppy" },
         { "required": false, "id": "minecraft:blue_orchid" },
         { "required": false, "id": "minecraft:allium" },
         { "required": false, "id": "minecraft:azure_bluet" },
         { "required": false, "id": "minecraft:red_tulip" },
         { "required": false, "id": "minecraft:pink_tulip" },
         { "required": false, "id": "minecraft:white_tulip" },
         { "required": false, "id": "minecraft:orange_tulip" },
         { "required": false, "id": "minecraft:rose_bush" },
         { "required": false, "id": "minecraft:peony" },
         { "required": false, "id": "minecraft:wither_rose" },
         { "required": false, "id": "minecraft:sunflower" },
         { "required": false, "id": "minecraft:oxeye_daisy" },
         { "required": false, "id": "minecraft:lily_of_the_valley" },
         { "required": false, "id": "minecraft:cornflower" },
         { "required": false, "id": "minecraft:torchflower" },
         { "required": false, "id": "minecraft:wither_rose" }
        ]
    }