{
    "criteria": {
        "c1": {
            "trigger": "minecraft:location",
            "conditions": {
                "player": {
                    "stepping_on": {
                        "block": {
                            "blocks": [
                                "minecraft:obsidian"
                            ]
                        }
                    },
                    "location": {
                        "dimension": "overworld"
                    }
                }
            }
        }
    },
    "rewards": {
        "function": "dpc:stages/portal/entered_nether"
    }
}