{
    "replace": false,
    "values": [
        { "required": false, "id": "#minecraft:coal_ores" },
        { "required": false, "id": "#minecraft:gold_ores" },
        { "required": false, "id": "#minecraft:iron_ores" },
        { "required": false, "id": "#minecraft:lapis_ores" },
        { "required": false, "id": "#minecraft:copper_ores" },
        { "required": false, "id": "#minecraft:diamond_ores" },
        { "required": false, "id": "#minecraft:emerald_ores" },
        { "required": false, "id": "#minecraft:redstone_ores" }
    ]
}